type,id,title,url,slug,date,modified,featured_media,word_count,images_in_content
post,4658,Entre a Arte e a Técnica: Como Usar Impressão 3D para Criar Moldes de Gesso com Precisão e Criatividade,https://outlet3d.com.br/impressao-3d/como-usar-impressao-3d-para-criar-moldes-de-gesso/,como-usar-impressao-3d-para-criar-moldes-de-gesso,2025-07-07T08:09:35,2025-10-07T20:03:58,4778,1522,0
post,4655,Quando a Peça Não Chega a Tempo: O Poder da Impressão 3D de Peças de Reposição,https://outlet3d.com.br/impressao-3d/impressao-3d-de-pecas-de-reposicao/,impressao-3d-de-pecas-de-reposicao,2025-07-07T04:08:24,2025-10-07T20:15:31,4781,1961,0
post,4652,Como Usar Inteligência Artificial para Criar Modelos 3D Automáticos: Descubra o Passo a Passo,https://outlet3d.com.br/impressao-3d/como-usar-inteligencia-artificial-para-gerar-modelos-3d-automaticos/,como-usar-inteligencia-artificial-para-gerar-modelos-3d-automaticos,2025-07-07T00:09:35,2025-07-07T00:09:35,4653,4688,0
post,4649,Otimização do uso de suportes em impressões 3D: Descubra dicas práticas,https://outlet3d.com.br/impressao-3d/optimizacao-usos-suportes-impressao-3d/,optimizacao-usos-suportes-impressao-3d,2025-07-06T20:07:40,2025-07-06T20:07:40,4650,2378,0
post,4646,Impressão 3D de Peças para a Indústria de Refrigeração: Descubra Inovações e Vantagens,https://outlet3d.com.br/impressao-3d/impressao-3d-de-pecas-para-a-industry-de-refrigeracao/,impressao-3d-de-pecas-para-a-industry-de-refrigeracao,2025-07-06T16:08:36,2025-07-06T16:08:36,4647,3442,0
post,4643,Impressão 3D de Peças para Câmeras: Descubra Como Produzir Carcaças,https://outlet3d.com.br/impressao-3d/impressao-3d-de-pecas-para-cameras/,impressao-3d-de-pecas-para-cameras,2025-07-06T12:09:13,2025-07-06T12:09:13,4644,4448,0
post,4640,Impressão 3D de peças para turbinas eólicas: Descubra os desafios na indústria de energia,https://outlet3d.com.br/impressao-3d/impressao-3d-pecas-turbinas-eolicas-industria-energia/,impressao-3d-pecas-turbinas-eolicas-industria-energia,2025-07-06T08:08:27,2025-07-06T08:08:27,4641,3545,0
post,4637,Como Usar Impressão 3D para Criar Moldes de Fundição em Areia: Descubra o Guia Completo,https://outlet3d.com.br/impressao-3d/como-usar-impressao-3d-para-criar-moldes-de-fundicao-em-areia/,como-usar-impressao-3d-para-criar-moldes-de-fundicao-em-areia,2025-07-06T04:08:48,2025-07-06T04:08:48,4638,4297,0
post,4634,Impressão 3D de Peças para Sistemas de Irrigação: Descubra os Materiais,https://outlet3d.com.br/impressao-3d/impressao-3d-pecas-sistemas-irrigacao/,impressao-3d-pecas-sistemas-irrigacao,2025-07-06T00:09:19,2025-07-06T00:09:19,4635,5390,0
post,4631,Como otimizar a superfície na impressão 3D: Segredos para bicos maiores,https://outlet3d.com.br/impressao-3d/como-otimizar-a-superficie-na-impressao-3d/,como-otimizar-a-superficie-na-impressao-3d,2025-07-05T20:09:00,2025-07-05T20:09:00,4632,5187,0
post,4628,Impressão 3D de Peças para Automação Industrial: Descubra os Benefícios,https://outlet3d.com.br/impressao-3d/impressao-3d-de-pecas-para-automacao-industrial/,impressao-3d-de-pecas-para-automacao-industrial,2025-07-05T16:07:47,2025-07-05T16:07:47,4629,2499,0
post,4625,Seleção de filamento para impressão 3D: Descubra o PEEK,https://outlet3d.com.br/impressao-3d/selecao-de-filamento-para-impressao-3d-em-ambientes-corrosivos/,selecao-de-filamento-para-impressao-3d-em-ambientes-corrosivos,2025-07-05T12:08:48,2025-07-05T12:08:48,4626,3945,0
post,4622,Impressão 3D Híbrida: Vantagens e Aplicações Reveladas,https://outlet3d.com.br/impressao-3d/impressao-3d-hibrida-vantagens-aplicacoes/,impressao-3d-hibrida-vantagens-aplicacoes,2025-07-05T08:08:35,2025-07-05T08:08:35,4623,3330,0
post,4619,Impressão 3D: Descubra Materiais Recomendados para Móveis Infantis,https://outlet3d.com.br/impressao-3d/impressao-3d-para-producao-de-pecas-de-mobiliario-infantil/,impressao-3d-para-producao-de-pecas-de-mobiliario-infantil,2025-07-05T04:08:16,2025-07-05T04:08:16,4620,3293,0
post,4616,Impressão 3D de peças para animais de estimação: Descubra as Vantagens,https://outlet3d.com.br/impressao-3d/impressao-3d-de-pecas-para-animais-de-estimacao/,impressao-3d-de-pecas-para-animais-de-estimacao,2025-07-05T00:09:15,2025-07-05T00:09:15,4617,4550,0
post,4613,Como Ajustar a Viscosidade de Resinas para Impressão 3D: Descubra Métodos Eficientes,https://outlet3d.com.br/impressao-3d/como-ajustar-viscosidade-resinas-impressao-3d/,como-ajustar-viscosidade-resinas-impressao-3d,2025-07-04T20:08:36,2025-07-04T20:08:36,4614,3573,0
post,4610,Impressão 3D de peças para aquarismo: Descubra Usos e Vantagens,https://outlet3d.com.br/impressao-3d/impressao-3d-de-pecas-para-aquarismo-2/,impressao-3d-de-pecas-para-aquarismo-2,2025-07-04T16:09:26,2025-07-04T16:09:26,4611,3642,0
post,4607,Como Utilizar Impressão 3D na Automação Residencial: Produtividade em Casa Inteligente,https://outlet3d.com.br/impressao-3d/como-utilizar-impressao-3d-na-automacao-residencial/,como-utilizar-impressao-3d-na-automacao-residencial,2025-07-04T12:07:46,2025-07-04T12:07:46,4608,1901,0
post,4604,Impressão 3D em Escala Industrial: Descubra as Vantagens das Máquinas,https://outlet3d.com.br/impressao-3d/impressao-3d-em-escala-industrial-maquinas-e-produtividade/,impressao-3d-em-escala-industrial-maquinas-e-produtividade,2025-07-04T08:09:24,2025-07-04T08:09:24,4605,3911,0
post,4601,Como Selecionar Corretamente o Diâmetro do Filamento para Impressão 3D,https://outlet3d.com.br/impressao-3d/como-selecionar-correttamente-o-diametro-do-filamento-para-impressao-3d/,como-selecionar-correttamente-o-diametro-do-filamento-para-impressao-3d,2025-07-04T04:08:47,2025-07-04T04:08:47,4602,2780,0
post,4598,Impressão 3D para Criação de Réplicas Históricas: Descubra Como,https://outlet3d.com.br/impressao-3d/impressao-3d-para-criacao-de-replicas-historicas/,impressao-3d-para-criacao-de-replicas-historicas,2025-07-04T00:08:06,2025-07-04T00:08:06,4599,1808,0
post,4595,Impressão 3D de componentes para sistemas de aquecimento solar: Descubra como revolucionar a indústria,https://outlet3d.com.br/impressao-3d/impressao-3d-componentes-aquecimento-solar/,impressao-3d-componentes-aquecimento-solar,2025-07-03T20:09:37,2025-07-03T20:09:37,4596,4582,0
post,4592,Impressão 3D de órgãos artificiais: Descubra a Revolução na Medicina,https://outlet3d.com.br/impressao-3d/impressao-3d-de-organos-artificiais/,impressao-3d-de-organos-artificiais,2025-07-03T16:08:33,2025-07-03T16:08:33,4593,2903,0
post,4589,Como Lidar com o Encolhimento de ABS na Impressão 3D: Dicas Cruciais,https://outlet3d.com.br/impressao-3d/como-lidar-com-o-encolhimento-de-abs-na-impressao-3d/,como-lidar-com-o-encolhimento-de-abs-na-impressao-3d,2025-07-03T12:07:56,2025-07-03T12:07:56,4590,1659,0
post,4586,Técnicas de Hollowing para Economia de Material na Impressão 3D,https://outlet3d.com.br/impressao-3d/tecnicas-de-hollowing-economia-material-impressao-3d/,tecnicas-de-hollowing-economia-material-impressao-3d,2025-07-03T08:08:26,2025-07-03T08:08:26,4587,2668,0
post,4583,Desafios da Impressão 3D em Microgravidade: Descubra Soluções Tecnológicas,https://outlet3d.com.br/impressao-3d/desafios-da-impressao-3d-em-microgravidade/,desafios-da-impressao-3d-em-microgravidade,2025-07-03T04:08:23,2025-07-03T04:08:23,4584,2584,0
post,4580,Impressão 3D de Peças para Brinquedos: Descubra Inovações!,https://outlet3d.com.br/impressao-3d/impressao-3d-de-pecas-para-a-industria-de-brinquedos/,impressao-3d-de-pecas-para-a-industria-de-brinquedos,2025-07-03T00:08:37,2025-07-03T00:08:37,4581,2917,0
post,4577,Como Lidar com o Encolhimento de Materiais na Impressão 3D: Dicas Práticas,https://outlet3d.com.br/impressao-3d/como-lidar-com-o-encolhimento-de-materiais-na-impressao-3d/,como-lidar-com-o-encolhimento-de-materiais-na-impressao-3d,2025-07-02T20:09:52,2025-07-02T20:09:52,4578,4780,0
post,4574,Impressão 3D para Prototipagem: Descubra os Materiais Usados,https://outlet3d.com.br/impressao-3d/impressao-3d-para-prototipagem-materiais-usados/,impressao-3d-para-prototipagem-materiais-usados,2025-07-02T16:09:01,2025-07-02T16:09:01,4575,3387,0
post,4571,Impressão 3D para Próteses: Descubra as Vantagens Incríveis,https://outlet3d.com.br/impressao-3d/impressao-3d-para-proteses-vantagens/,impressao-3d-para-proteses-vantagens,2025-07-02T12:10:22,2025-07-02T12:10:22,4572,4808,0
post,4568,Como Aplicar Acabamentos Foscos ou Brilhantes em Impressão 3D: Dicas Práticas,https://outlet3d.com.br/impressao-3d/como-aplicar-acabamentos-foscos-ou-brilhantes-em-pecas-3d/,como-aplicar-acabamentos-foscos-ou-brilhantes-em-pecas-3d,2025-07-02T08:08:41,2025-07-02T08:08:41,4569,2664,0
post,4565,Impressão 3D de Peças para Arte em Movimento: Segredos e Exemplos,https://outlet3d.com.br/impressao-3d/impressao-3d-de-pecas-para-arte-em-movimento/,impressao-3d-de-pecas-para-arte-em-movimento,2025-07-02T04:09:34,2025-07-02T04:09:34,4566,3659,0
post,4562,Impressão 3D de Peças para Modelismo Ferroviário: Descubra Como Fazer,https://outlet3d.com.br/impressao-3d/impressao-3d-pecas-modelismo-ferroviario/,impressao-3d-pecas-modelismo-ferroviario,2025-07-02T00:09:03,2025-07-02T00:09:03,4563,3749,0
post,4556,Como Aplicar Acabamentos de Efeito Madeira em Peças 3D: Descubra Técnicas e Dicas,https://outlet3d.com.br/impressao-3d/como-aplicar-acabamentos-de-efeito-madeira-em-pecas-3d/,como-aplicar-acabamentos-de-efeito-madeira-em-pecas-3d,2025-07-01T16:09:12,2025-07-01T16:09:12,4557,2950,0
post,4553,Como Calibrar a Tensão do Eixo Z na Impressão 3D: Descubra o Passo a Passo,https://outlet3d.com.br/impressao-3d/como-calibrar-tensao-eixo-z-impressao-3d/,como-calibrar-tensao-eixo-z-impressao-3d,2025-07-01T12:08:54,2025-07-01T12:08:54,4554,3428,0
post,4550,Melhor Filamento para Resistência na Impressão 3D: Descubra o Nylon,https://outlet3d.com.br/impressao-3d/melhor-filamento-resistencia-impressao-3d-nylon/,melhor-filamento-resistencia-impressao-3d-nylon,2025-07-01T08:08:36,2025-07-01T08:08:36,4551,3155,0
post,4547,Como Criar Arte em Realidade Aumentada: Descubra um Tutorial Prático,https://outlet3d.com.br/impressao-3d/como-criar-arte-em-realidade-aumentada-com-impressao-3d/,como-criar-arte-em-realidade-aumentada-com-impressao-3d,2025-07-01T04:09:45,2025-07-01T04:09:45,4548,4433,0
post,4544,Impressão 3D com Filamento Flexível: Temperatura Ideal e Dicas Práticas,https://outlet3d.com.br/impressao-3d/impressao-3d-com-filamento-flexivel-temperatura-ideal/,impressao-3d-com-filamento-flexivel-temperatura-ideal,2025-07-01T00:09:20,2025-07-01T00:09:20,4545,3934,0
post,4541,Impressão 3D para Produção de Peças de Mobiliário Modular: Descubra Vantagens e Montagem,https://outlet3d.com.br/impressao-3d/impressao-3d-para-producao-de-pecas-de-mobiliario-modular/,impressao-3d-para-producao-de-pecas-de-mobiliario-modular,2025-06-30T20:08:46,2025-06-30T20:08:46,4542,3448,0
post,4538,Impressão 3D de peças para eletrônicos: Guia Definitivo Futuro,https://outlet3d.com.br/impressao-3d/impressao-3d-de-pecas-para-eletronicos/,impressao-3d-de-pecas-para-eletronicos,2025-06-30T16:08:24,2025-09-28T00:58:56,4539,2525,2
post,4535,Modelagem 3D para Impressão 3D: Dicas Incríveis para Iniciantes,https://outlet3d.com.br/impressao-3d/modelagem-3d-para-impressao-3d/,modelagem-3d-para-impressao-3d,2025-06-30T12:09:12,2025-06-30T12:09:12,4536,2834,0
post,4532,Impressão 3D na arquitetura: Descubra os Novos Modelos!,https://outlet3d.com.br/impressao-3d/impressao-3d-na-arquitetura-modelos-arquitetonicos/,impressao-3d-na-arquitetura-modelos-arquitetonicos,2025-06-30T08:08:15,2025-06-30T08:08:15,4533,2505,0
post,4529,Impressão 3D para Produção de Moldes de Sabão: Descubra os Segredos,https://outlet3d.com.br/impressao-3d/impressao-3d-para-producao-de-moldes-de-sabao/,impressao-3d-para-producao-de-moldes-de-sabao,2025-06-30T04:08:28,2025-06-30T04:08:28,4530,2680,0
post,4526,Impressão 3D para Fabricação de Peças para Sistemas de Áudio: Descubra Vantagens,https://outlet3d.com.br/impressao-3d/impressao-3d-fabricacao-pecas-sistemas-audio/,impressao-3d-fabricacao-pecas-sistemas-audio,2025-06-30T00:09:45,2025-06-30T00:09:45,4527,4956,0
post,4523,Impressão 3D para Cosplay: Descubra os Materiais Ideais,https://outlet3d.com.br/impressao-3d/impressao-3d-para-cosplay-materiais/,impressao-3d-para-cosplay-materiais,2025-06-29T20:09:58,2025-06-29T20:09:58,4524,6006,0
post,4520,Impressão 3D de Peças para Automação: Descubra o Futuro Residencial,https://outlet3d.com.br/impressao-3d/impressao-3d-de-pecas-para-automacao-de-janelas/,impressao-3d-de-pecas-para-automacao-de-janelas,2025-06-29T16:07:31,2025-06-29T16:07:31,4521,1585,0
post,4517,Impressão 3D para Peças de Equipamentos de Laboratório: Descubra as Vantagens,https://outlet3d.com.br/impressao-3d/impressao-3d-para-pecas-de-equipamentos-de-laboratorio/,impressao-3d-para-pecas-de-equipamentos-de-laboratorio,2025-06-29T12:09:04,2025-06-29T12:09:04,4518,4163,0
post,4514,Impressão 3D para Criação de Peças Educacionais: Descubra o Passo a Passo,https://outlet3d.com.br/impressao-3d/impressao-3d-para-criacao-de-pecas-educacionais/,impressao-3d-para-criacao-de-pecas-educacionais,2025-06-29T08:08:24,2025-06-29T08:08:24,4515,2936,0
post,4511,Como Controlar a Umidade do Ambiente na Impressão 3D: Descubra Conselhos Práticos,https://outlet3d.com.br/impressao-3d/como-controlar-a-humidade-do-ambiente-na-impressao-3d/,como-controlar-a-humidade-do-ambiente-na-impressao-3d,2025-06-29T04:08:14,2025-06-29T04:08:14,4512,2905,0
post,4508,Impressão 3D de Esculturas: Passo a Passo Revelador para Criar Arte,https://outlet3d.com.br/impressao-3d/impressao-3d-de-esculturas-passo-a-passo/,impressao-3d-de-esculturas-passo-a-passo,2025-06-29T00:08:35,2025-06-29T00:08:35,4509,3756,0
post,4483,Como Reduzir Emissões de CO2 em Projetos de Impressão 3D Industrial,https://outlet3d.com.br/impressao-3d/como-reduzir-emissoes-de-co2-em-projetos-de-impressao-3d-industrial/,como-reduzir-emissoes-de-co2-em-projetos-de-impressao-3d-industrial,2025-06-28T20:08:06,2025-06-28T20:08:06,4484,3116,0
post,4480,Impressão 3D de Próteses para Animais: Descubra Casos de Sucesso,https://outlet3d.com.br/impressao-3d/impressao-3d-de-proteses-para-animais-casos-de-sucesso/,impressao-3d-de-proteses-para-animais-casos-de-sucesso,2025-06-28T16:07:40,2025-06-28T16:07:40,4481,2052,0
post,4471,Impressão 3D de peças para instrumentos musicais: Descubra suas vantagens,https://outlet3d.com.br/impressao-3d/impressao-3d-de-pecas-para-instrumentos-musicais/,impressao-3d-de-pecas-para-instrumentos-musicais,2025-06-28T12:08:17,2025-06-28T12:08:17,4472,2172,0
post,4466,Impressão 3D de Peças para a Indústria de Sinalização: Descubra Aplicações Práticas,https://outlet3d.com.br/impressao-3d/impressao-3d-de-pecas-para-a-industria-de-sinalizacao/,impressao-3d-de-pecas-para-a-industria-de-sinalizacao,2025-06-28T08:08:35,2025-06-28T08:08:35,4467,3534,0
post,4463,Impressão 3D de Peças para Indústria de Automação de Estufas: Descubra as Vantagens,https://outlet3d.com.br/impressao-3d/impressao-3d-pecas-industria-automacao-estufas/,impressao-3d-pecas-industria-automacao-estufas,2025-06-28T04:08:13,2025-06-28T04:08:13,4464,2424,0
post,4460,Impressão 3D de Peças para Indústria de Sensores de Temperatura: Descubra as Vantagens,https://outlet3d.com.br/impressao-3d/impressao-3d-de-pecas-para-industria-de-sensores-de-temperatura/,impressao-3d-de-pecas-para-industria-de-sensores-de-temperatura,2025-06-28T00:10:04,2025-06-28T00:10:04,4461,6459,0
post,4457,Impressão 3D de Peças para Indústria de Iluminação Decorativa: Exemplos e Tendências,https://outlet3d.com.br/impressao-3d/impressao-3d-pecas-iluminacao-decorativa/,impressao-3d-pecas-iluminacao-decorativa,2025-06-27T20:09:02,2025-06-27T20:09:02,4458,3899,0
post,4452,Impressão 3D de Peças para Paisagismo: Transforme Seu Jardim,https://outlet3d.com.br/impressao-3d/impressao-3d-de-pecas-para-paisagismo/,impressao-3d-de-pecas-para-paisagismo,2025-06-27T16:09:10,2025-06-27T16:09:10,4453,3309,0
post,4442,Reciclagem de Filamentos 3D: Descubra Como Transformar Resíduos em Matéria-Prima Sustentável,https://outlet3d.com.br/impressao-3d/reciclagem-de-filamentos-3d-transformar-residuos/,reciclagem-de-filamentos-3d-transformar-residuos,2025-06-27T08:09:51,2025-06-27T08:09:51,4443,3499,0
post,4439,Impressão 3D de Peças para Aquarismo: Descubra Como Fazer Manutenção,https://outlet3d.com.br/impressao-3d/impressao-3d-de-pecas-para-aquarismo/,impressao-3d-de-pecas-para-aquarismo,2025-06-27T04:08:57,2025-06-27T04:08:57,4440,2713,0
post,4435,Impressão 3D para Arquitetura: Descubra As Vantagens das Maquetes,https://outlet3d.com.br/impressao-3d/impressao-3d-para-arquitetura/,impressao-3d-para-arquitetura,2025-06-27T00:08:28,2025-06-27T00:08:28,4436,2380,0
post,4432,Como Controlar a Homogeneidade do Material na Impressão 3D: Dicas Práticas,https://outlet3d.com.br/impressao-3d/como-controlar-homogeneidade-material-impressao-3d/,como-controlar-homogeneidade-material-impressao-3d,2025-06-26T20:09:36,2025-06-26T20:09:36,4433,3789,0
post,4429,Impressão 3D para Produção de Peças de Arte: Descubra Técnicas de Pintura e Acabamento,https://outlet3d.com.br/impressao-3d/impressao-3d-para-producao-de-pecas-de-arte/,impressao-3d-para-producao-de-pecas-de-arte,2025-06-26T16:09:24,2025-06-26T16:09:24,4430,3835,0
post,4426,Melhores Softwares para Impressão 3D: Descubra os Top 5,https://outlet3d.com.br/impressao-3d/melhores-softwares-para-impressao-3d/,melhores-softwares-para-impressao-3d,2025-06-26T12:09:57,2025-06-26T12:09:57,4427,4524,0
post,4423,Impressão 3D de Peças para Brinquedos Interativos: Descubra o Passo a Passo,https://outlet3d.com.br/impressao-3d/impressao-3d-de-pecas-para-brinquedos-interativos-passo-a-passo/,impressao-3d-de-pecas-para-brinquedos-interativos-passo-a-passo,2025-06-26T08:10:06,2025-06-26T08:10:06,4424,4282,0
post,4420,Como Aplicar Acabamentos de Alta Qualidade em Peças Impressas 3D,https://outlet3d.com.br/impressao-3d/como-aplicar-acabamentos-pecas-impressas-3d/,como-aplicar-acabamentos-pecas-impressas-3d,2025-06-26T04:09:42,2025-06-26T04:09:42,4421,3247,0
post,4417,Impressão 3D para Criação de Peças de Arte Funcional na Cozinha,https://outlet3d.com.br/impressao-3d/impressao-3d-criacao-pecas-arte-funcional-cozinha/,impressao-3d-criacao-pecas-arte-funcional-cozinha,2025-06-26T00:08:42,2025-06-26T00:08:42,4418,2503,0
post,4414,Impressão 3D de Peças para a Indústria de Segurança: Descubra Vantagens,https://outlet3d.com.br/impressao-3d/impressao-3d-de-pecas-para-a-industria-de-seguranca/,impressao-3d-de-pecas-para-a-industria-de-seguranca,2025-06-25T23:02:07,2025-06-25T23:02:07,4415,3345,0
post,4411,Impressão 3D para Acessórios de Moda: Descubra Inovações e Personalização,https://outlet3d.com.br/impressao-3d/impressao-3d-para-acessorios-de-moda/,impressao-3d-para-acessorios-de-moda,2025-06-25T20:04:36,2025-06-25T20:04:36,4412,4276,0
post,4408,Impressão 3D para Produção de Peças de Arte em Instalações: Descubra o Processo,https://outlet3d.com.br/impressao-3d/impressao-3d-producao-de-pecas-de-arte-em-instalacoes/,impressao-3d-producao-de-pecas-de-arte-em-instalacoes,2025-06-25T16:03:07,2025-06-25T16:03:07,4409,2037,0
post,4405,Impressão 3D para Criação de Peças de Arte Funcional: Exemplos Práticos,https://outlet3d.com.br/impressao-3d/impressao-3d-criacao-pecas-arte-funcional/,impressao-3d-criacao-pecas-arte-funcional,2025-06-25T12:03:56,2025-06-25T12:03:56,4406,2578,0
post,4402,Como Usar Impressão 3D para Projetos de Bricolagem: Descubra Ideias Incríveis,https://outlet3d.com.br/impressao-3d/como-usar-impressao-3d-para-projetos-de-bricolagem/,como-usar-impressao-3d-para-projetos-de-bricolagem,2025-06-25T08:03:05,2025-06-25T08:03:05,4403,1577,0
post,4399,Impressão 3D de Peças para Jardinagem: Descubra Funcionalidades,https://outlet3d.com.br/impressao-3d/impressao-3d-de-pecas-para-jardinagem/,impressao-3d-de-pecas-para-jardinagem,2025-06-25T04:03:54,2025-06-25T04:03:54,4400,3353,0
post,4396,Manutenção Preventiva de Impressora 3D: Descubra a Importância,https://outlet3d.com.br/impressao-3d/manutencao-preventiva-impressora-3d/,manutencao-preventiva-impressora-3d,2025-06-24T12:41:37,2025-06-24T12:41:37,4397,4354,0
post,4393,Impressão 3D em Moda: Descubra os Materiais Utilizados,https://outlet3d.com.br/impressao-3d/impressoes-3d-em-moda-materiais-utilizados/,impressoes-3d-em-moda-materiais-utilizados,2025-04-15T20:02:51,2025-04-15T20:02:51,4394,1055,0
post,4390,Como Evitar a Distorção em Peças de Impressão 3D com Resina: Dicas Práticas,https://outlet3d.com.br/impressao-3d/como-evitar-a-distorcao-em-pecas-de-impressao-3d-com-resina/,como-evitar-a-distorcao-em-pecas-de-impressao-3d-com-resina,2025-04-15T16:03:41,2025-04-15T16:03:41,4391,1998,0
post,4387,Como Evitar o Efeito de Warping em Filamentos de PETG: Técnicas Práticas,https://outlet3d.com.br/impressao-3d/como-evitar-o-efeito-de-warping-em-filamentos-de-petg/,como-evitar-o-efeito-de-warping-em-filamentos-de-petg,2025-04-14T18:01:22,2025-04-14T18:01:22,4388,2685,0
post,4383,Criação de Peças de Arte para Interiores: Ideias Incríveis,https://outlet3d.com.br/impressao-3d/criacao-de-pecas-de-arte-para-interiores-com-impressao-3d/,criacao-de-pecas-de-arte-para-interiores-com-impressao-3d,2025-04-14T17:54:19,2025-04-14T17:57:58,4384,2208,0
post,4380,Impressão 3D com Biomateriais: Purificação de Água Inovadora,https://outlet3d.com.br/impressao-3d/impressao-3d-com-biomateriais-algas-marinha/,impressao-3d-com-biomateriais-algas-marinha,2025-04-14T12:44:58,2025-04-14T12:44:58,4381,1921,0
post,4377,Impressão 3D: Descubra Como Otimizar o Uso de Suportes,https://outlet3d.com.br/impressao-3d/impressao-3d-otimizar-uso-suportes/,impressao-3d-otimizar-uso-suportes,2025-04-14T12:03:05,2025-04-14T12:03:05,4378,1382,0
post,4373,Impressão 3D de Peças para Brinquedos Educacionais: Descubra os Benefícios,https://outlet3d.com.br/impressao-3d/impressao-3d-de-pecas-para-brinquedos-educacionais/,impressao-3d-de-pecas-para-brinquedos-educacionais,2025-04-14T00:02:41,2025-04-14T00:02:41,4374,1217,0
post,4370,Impressão 3D para criação de peças educacionais interativas,https://outlet3d.com.br/impressao-3d/impressao-3d-criacao-pecas-educacionais-interativas/,impressao-3d-criacao-pecas-educacionais-interativas,2025-04-13T20:02:58,2025-04-13T20:02:58,4371,2001,0
post,4367,Impressão 3D: Descubra Técnicas de Hollowing Para Economia de Material,https://outlet3d.com.br/impressao-3d/impressao-3d-tecnicas-de-hollowing-economia-de-material/,impressao-3d-tecnicas-de-hollowing-economia-de-material,2025-04-13T16:04:01,2025-04-13T16:04:01,4368,3270,0
post,4364,Impressão 3D de Órgãos Artificiais: Descubra os Benefícios na Medicina,https://outlet3d.com.br/impressao-3d/impressao-3d-de-orgaos-artificiais/,impressao-3d-de-orgaos-artificiais,2025-04-13T12:03:09,2025-04-13T12:03:09,4365,2062,0
post,4361,Impressão 3D para Desenvolvimento de Brinquedos Inteligentes: Descubra Inovações,https://outlet3d.com.br/impressao-3d/impressao-3d-para-desenvolvimento-de-brinquedos-inteligentes/,impressao-3d-para-desenvolvimento-de-brinquedos-inteligentes,2025-04-13T08:03:31,2025-04-13T08:03:31,4362,2003,0
post,4358,Impressão 3D de Peças para a Indústria Têxtil: Descubra os Benefícios,https://outlet3d.com.br/impressao-3d/impressao-3d-de-pecas-para-a-industria-textil/,impressao-3d-de-pecas-para-a-industria-textil,2025-04-13T04:03:41,2025-04-13T04:03:41,4359,2552,0
post,4355,Impressão 3D de peças para instrumentos científicos: Descubra as Vantagens,https://outlet3d.com.br/impressao-3d/impressao-3d-de-pecas-para-instrumentos-cientificos/,impressao-3d-de-pecas-para-instrumentos-cientificos,2025-04-13T00:02:46,2025-04-13T00:02:46,4356,1429,0
post,4352,Impressão 3D: Benefícios da Impressão em Materiais Metálicos,https://outlet3d.com.br/impressao-3d/impressao-3d-materiais-compostos-particulas-metalicas-usos-custos/,impressao-3d-materiais-compostos-particulas-metalicas-usos-custos,2025-04-12T20:03:10,2025-04-12T20:03:10,4353,2233,0
post,4349,Impressão 3D: Técnicas de Acabamento Profissional para Peças em Resina SLA,https://outlet3d.com.br/impressao-3d/impressao-3d-tecnicas-acabamento-profissional-resina-sla/,impressao-3d-tecnicas-acabamento-profissional-resina-sla,2025-04-12T16:02:39,2025-04-12T16:02:39,4350,1360,0
post,4346,Impressão 3D: Como Controlar a Consistência do Material Eficazmente,https://outlet3d.com.br/impressao-3d/impressao-3d-como-controlar-consistencia-material/,impressao-3d-como-controlar-consistencia-material,2025-04-12T12:03:08,2025-04-12T12:03:08,4347,1628,0
post,4343,Impressão 3D: O Que Você Precisa Saber Sobre Altura de Camada,https://outlet3d.com.br/impressao-3d/impressao-3d-otimizacao-altura-de-camada-detalhes-precisos/,impressao-3d-otimizacao-altura-de-camada-detalhes-precisos,2025-04-12T08:03:00,2025-04-12T08:03:00,4344,1488,0
post,4337,Impressão 3D para a criação de peças de arte cinética: Descubra materiais e ferramentas,https://outlet3d.com.br/impressao-3d/impressao-3d-para-a-criacao-de-pecas-de-arte-cinetica/,impressao-3d-para-a-criacao-de-pecas-de-arte-cinetica,2025-04-12T00:03:17,2025-04-12T00:03:17,4338,2884,0
post,4334,Impressão 3D e Sustentabilidade: Descubra Como Reduzir Resíduos,https://outlet3d.com.br/impressao-3d/impressao-3d-e-sustentabilidade/,impressao-3d-e-sustentabilidade,2025-04-11T20:02:37,2025-04-11T20:02:37,4335,1543,0
post,4331,Impressão 3D: Configurações Ideais em Ambientes de Alta Umidade,https://outlet3d.com.br/impressao-3d/impressao-3d-configuracoes-ideais-alta-umidade/,impressao-3d-configuracoes-ideais-alta-umidade,2025-04-11T16:03:39,2025-04-11T16:03:39,4332,2414,0
post,4328,Impressão 3D de Joias: Descubra as Vantagens e o Processo Criativo,https://outlet3d.com.br/impressao-3d/impressoes-3d-de-joias/,impressoes-3d-de-joias,2025-04-11T12:03:08,2025-04-11T12:03:08,4329,1860,0
post,4325,Impressão 3D: Como Configurar Múltiplos Extrusores para Cores e Materiais,https://outlet3d.com.br/impressao-3d/impressao-3d-como-configurar-multiplos-extrusores/,impressao-3d-como-configurar-multiplos-extrusores,2025-04-11T08:02:54,2025-04-11T08:02:54,4326,1265,0
post,4322,Impressão 3D de peças para interiores: Descubra como transformar seu espaço,https://outlet3d.com.br/impressao-3d/impressao-3d-de-pecas-para-interiores/,impressao-3d-de-pecas-para-interiores,2025-04-11T04:03:17,2025-04-11T04:03:17,4323,1735,0
post,4319,Impressão 3D: Como Usar Impressão 3D para Criar Moldes para Chocolate,https://outlet3d.com.br/impressao-3d/impressao-3d-como-usar-impressao-3d-para-criar-moldes-para-chocolate/,impressao-3d-como-usar-impressao-3d-para-criar-moldes-para-chocolate,2025-04-11T00:03:45,2025-04-11T00:03:45,4320,3129,0
post,4316,Impressão 3D para Educação: Transforme o Ensino Moderno,https://outlet3d.com.br/impressao-3d/impressao-3d-para-educacao/,impressao-3d-para-educacao,2025-04-10T20:03:38,2025-04-10T20:03:38,4317,2208,0
post,4313,Impressão 3D de peças para energia solar: Descubra inovações,https://outlet3d.com.br/impressao-3d/impressao-3d-de-pecas-para-energia-solar/,impressao-3d-de-pecas-para-energia-solar,2025-04-10T16:03:12,2025-04-10T16:03:12,4314,1868,0
post,4310,Impressão 3D: Dicas e Técnicas para Acabamentos de Textura,https://outlet3d.com.br/impressao-3d/impressao-3d-acabamentos-textura/,impressao-3d-acabamentos-textura,2025-04-10T12:02:52,2025-04-10T12:02:52,4311,1453,0
post,4307,Impressão 3D Software de fatiamento gratuito: Vale a Pena o Investimento?,https://outlet3d.com.br/impressao-3d/impressoes-3d-software-fatiamento-gratuito/,impressoes-3d-software-fatiamento-gratuito,2025-04-10T08:03:09,2025-04-10T08:03:09,4308,1792,0
post,4304,Impressão 3D de peças automotivas: Descubra as vantagens,https://outlet3d.com.br/impressao-3d/impressao-3d-de-pecas-automotivas/,impressao-3d-de-pecas-automotivas,2025-04-10T04:02:59,2025-04-10T04:02:59,4305,1786,0
post,4301,Impressão 3D de Peças para a Indústria de Energia Renovável: Descubra o Futuro,https://outlet3d.com.br/impressao-3d/impressao-3d-de-pecas-para-a-industria-de-energia-renovavel/,impressao-3d-de-pecas-para-a-industria-de-energia-renovavel,2025-04-09T20:03:44,2025-04-09T20:03:44,4302,3050,0
post,4298,Como otimizar a resistência química de peças impressas em 3D,https://outlet3d.com.br/impressao-3d/como-otimizar-resistencia-quimica-pecas-impressas-3d/,como-otimizar-resistencia-quimica-pecas-impressas-3d,2025-04-09T16:03:18,2025-04-09T16:03:18,4299,2088,0
post,4295,Impressão 3D para Criação de Órteses Personalizadas: Descubra as Inovações,https://outlet3d.com.br/impressao-3d/impressao-3d-para-criacao-de-orteses-personalizadas/,impressao-3d-para-criacao-de-orteses-personalizadas,2025-04-09T14:36:21,2025-04-09T14:36:21,4296,1603,0
post,4292,Impressão 3D de Peças para a Indústria de Iluminação: Descubra 5 Vantagens,https://outlet3d.com.br/impressao-3d/impressao-3d-pecas-industria-iluminacao/,impressao-3d-pecas-industria-iluminacao,2025-04-09T12:03:26,2025-04-09T12:03:26,4293,1588,0
post,4289,Impressão 3D de peças para automação residencial: Descubra 4 Vantagens,https://outlet3d.com.br/impressao-3d/impressao-3d-de-pecas-para-autominacao-residencial/,impressao-3d-de-pecas-para-autominacao-residencial,2025-04-09T08:03:04,2025-04-09T08:03:04,4290,1423,0
post,4286,Como Evitar a Oxidação em Peças Impressas em 3D: Descubra Técnicas Eficazes,https://outlet3d.com.br/impressao-3d/como-evitar-oxidacao-pecas-impressas-3d/,como-evitar-oxidacao-pecas-impressas-3d,2025-04-09T04:03:14,2025-04-09T04:03:14,4287,1714,0
post,4283,Como Melhorar a Eficiência Energética das Impressoras 3D: Descubra Melhores Práticas,https://outlet3d.com.br/impressao-3d/como-melhorar-eficiencia-energetica-impressoras-3d/,como-melhorar-eficiencia-energetica-impressoras-3d,2025-04-09T00:03:09,2025-04-09T00:03:09,4284,1624,0
post,4280,Impressão 3D de Peças para a Indústria de Aquecimento de Saunas: Descubra Como,https://outlet3d.com.br/impressao-3d/impressao-3d-de-pecas-para-industria-aquecimento-saunas/,impressao-3d-de-pecas-para-industria-aquecimento-saunas,2025-04-08T20:02:50,2025-04-08T20:02:50,4281,1248,0
post,4277,Impressão 3D de peças para acessórios de celular: Descubra os melhores materiais,https://outlet3d.com.br/impressao-3d/impressao-3d-de-pecas-para-acessorios-de-celular/,impressao-3d-de-pecas-para-acessorios-de-celular,2025-04-08T16:03:43,2025-04-08T16:03:43,4278,1750,0
post,4273,Criar Texturas Orgânicas em Impressão 3D Usando Algoritmos: Descubra Como,https://outlet3d.com.br/impressao-3d/criar-texturas-organicas-em-impressao-3d-usando-algoritmos/,criar-texturas-organicas-em-impressao-3d-usando-algoritmos,2025-04-08T12:03:17,2025-04-08T12:03:17,4274,1771,0
post,4270,Como controlar a precisão dimensional na impressão 3D: Descubra as Melhores Técnicas,https://outlet3d.com.br/impressao-3d/como-controlar-precisao-dimensional-impressao-3d/,como-controlar-precisao-dimensional-impressao-3d,2025-04-08T08:02:41,2025-04-08T08:02:41,4271,767,0
post,4267,Como Usar Impressão 3D para Personalização de Presentes: Descubra as Melhores Técnicas,https://outlet3d.com.br/impressao-3d/como-usar-impressao-3d-para-personalizacao-de-presentes/,como-usar-impressao-3d-para-personalizacao-de-presentes,2025-04-08T04:02:56,2025-04-08T04:02:56,4268,1490,0
post,4264,Impressão 3D de peças para aquecimento: Como substituir placas?,https://outlet3d.com.br/impressao-3d/impressao-3d-de-pecas-para-aquecimento-como-substituir-placas/,impressao-3d-de-pecas-para-aquecimento-como-substituir-placas,2025-04-08T00:03:55,2025-04-08T00:03:55,4265,2460,0
post,4261,Otimizar Ventilação na Impressão 3D: Benefícios Surpreendentes,https://outlet3d.com.br/impressao-3d/otimizar-ventilacao-impressao-3d/,otimizar-ventilacao-impressao-3d,2025-04-07T20:02:58,2025-04-07T20:02:58,4262,1390,0
post,4258,Aplicar Acabamentos Metálicos em Impressões 3D: O Que É Galvanoplastia?,https://outlet3d.com.br/impressao-3d/aplicar-acabamentos-metalicos-em-impressao-3d/,aplicar-acabamentos-metalicos-em-impressao-3d,2025-04-07T16:03:03,2025-04-07T16:03:03,4259,1402,0
post,4255,Impressão 3D de Peças para Jardins: Como Criar Modelos?,https://outlet3d.com.br/impressao-3d/impressao-3d-de-pecas-para-jardins-como-criar-modelos/,impressao-3d-de-pecas-para-jardins-como-criar-modelos,2025-04-07T12:04:01,2025-04-07T12:04:01,4256,2293,0
post,4252,Impressão 3D para Restaurar Peças de Arte de Museus: Descubra Como,https://outlet3d.com.br/impressao-3d/impressao-3d-para-restaurar-pecas-de-arte-de-museus/,impressao-3d-para-restaurar-pecas-de-arte-de-museus,2025-04-07T08:03:37,2025-04-07T08:03:37,4253,2063,0
post,4249,Medicina 3D: Descubra os Benefícios da Modelagem em Procedimentos Médicos,https://outlet3d.com.br/impressao-3d/medicina-3d-beneficios-modelagem-procedimentos-medicos/,medicina-3d-beneficios-modelagem-procedimentos-medicos,2025-04-07T04:03:19,2025-04-07T04:03:19,4250,1397,0
post,4246,Impressão 3D para Restauração: Descubra o Custo Real,https://outlet3d.com.br/impressao-3d/impressao-3d-para-restauracao-custo-real/,impressao-3d-para-restauracao-custo-real,2025-04-07T00:03:27,2025-04-07T00:03:27,4247,2527,0
post,4243,Impressão 3D de Peças com Gradiente de Cores Sem Troca de Filamento: Descubra a Revolução,https://outlet3d.com.br/impressao-3d/impressao-3d-gradiente-cores-sem-troca-filamento/,impressao-3d-gradiente-cores-sem-troca-filamento,2025-04-06T20:03:03,2025-04-06T20:03:03,4244,1702,0
post,4240,Joias 3D: Descubra as Vantagens da Impressão em Joalheria,https://outlet3d.com.br/impressao-3d/joias-3d-vantagens-impressao/,joias-3d-vantagens-impressao,2025-04-06T16:02:55,2025-04-06T16:02:55,4241,1389,0
post,4237,Impressão 3D com ABS: Descubra as Vantagens e Aplicações,https://outlet3d.com.br/impressao-3d/impressao-3d-com-abs/,impressao-3d-com-abs,2025-04-06T12:03:06,2025-04-06T12:03:06,4238,1804,0
post,4234,Impressão 3D de peças para máquinas de costura: Descubra como,https://outlet3d.com.br/impressao-3d/impressao-3d-de-pecas-para-maquinas-de-costura/,impressao-3d-de-pecas-para-maquinas-de-costura,2025-04-06T08:03:20,2025-04-06T08:03:20,4235,2131,0
post,4231,Técnicas de Polimento para Peças Impressas em 3D: Descubra os Segredos,https://outlet3d.com.br/impressao-3d/tecnicas-de-polimento-para-pecas-impressas-em-3d/,tecnicas-de-polimento-para-pecas-impressas-em-3d,2025-04-06T04:02:36,2025-04-06T04:02:36,4232,830,0
post,4228,Impressão 3D de Peças para Automação de Portas: Descubra os Materiais,https://outlet3d.com.br/impressao-3d/impressao-3d-de-pecas-para-automacao-de-portas/,impressao-3d-de-pecas-para-automacao-de-portas,2025-04-06T00:02:46,2025-04-06T00:02:46,4229,1629,0
post,4225,Pós-processamento com Lixamento Químico para Peças em ABS: O Segredo para Superfícies Impecáveis,https://outlet3d.com.br/impressao-3d/pos-processamento-lixamento-quimico-pecas-abs/,pos-processamento-lixamento-quimico-pecas-abs,2025-04-05T20:03:05,2025-04-05T20:03:05,4226,1656,0
post,4222,Impressão 3D de peças funcionais para equipamentos agrícolas: Descubra suas vantagens,https://outlet3d.com.br/impressao-3d/impressao-3d-de-pecas-funcionais-para-equipamentos-agricolas/,impressao-3d-de-pecas-funcionais-para-equipamentos-agricolas,2025-04-05T16:02:48,2025-04-05T16:02:48,4223,1017,0
post,4219,Impressão 3D de peças grandes: Descubra suas Vantagens Industriais,https://outlet3d.com.br/impressao-3d/impressao-3d-de-pecas-grandes/,impressao-3d-de-pecas-grandes,2025-04-05T12:03:21,2025-04-05T12:03:21,4220,1025,0
post,4216,Impressão 3D de Peças para Iluminação: O Que Você Precisa Saber,https://outlet3d.com.br/impressao-3d/impressao-3d-pecas-iluminacao/,impressao-3d-pecas-iluminacao,2025-04-05T08:03:07,2025-04-05T08:03:07,4217,1353,0
post,4213,Ajustar temperatura da placa de impressão: descubra o ideal para ABS,https://outlet3d.com.br/impressao-3d/ajustar-temperatura-da-placa-de-impressao-para-diferentes-materiais/,ajustar-temperatura-da-placa-de-impressao-para-diferentes-materiais,2025-04-05T04:03:03,2025-04-05T04:03:03,4214,1925,0
post,4210,Integrar Sensores Eletrônicos em Peças Impressas em 3D: Descubra o Preparativo Essencial,https://outlet3d.com.br/impressao-3d/integrar-sensores-eletronicos-em-pecas-impressas-em-3d/,integrar-sensores-eletronicos-em-pecas-impressas-em-3d,2025-04-05T00:03:05,2025-04-05T00:03:05,4211,1518,0
post,4207,Impressão 3D de peças para máquinas: Descubra sua importância na manutenção,https://outlet3d.com.br/impressao-3d/impressao-3d-de-pecas-para-maquinas-importancia-manutencao/,impressao-3d-de-pecas-para-maquinas-importancia-manutencao,2025-04-04T20:02:48,2025-04-04T20:02:48,4208,1383,0
post,4204,Protótipos 3D: Descubra Tipos e Aplicações Inovadoras,https://outlet3d.com.br/impressao-3d/prototipos-3d-tipos-e-aplicacoes/,prototipos-3d-tipos-e-aplicacoes,2025-04-04T16:03:04,2025-04-04T16:03:04,4205,1614,0
post,4201,Impressão 3D para a fabricação de peças de aquecimento: Descubra seu impacto,https://outlet3d.com.br/impressao-3d/impressao-3d-fabricacao-pecas-aquecimento/,impressao-3d-fabricacao-pecas-aquecimento,2025-04-04T12:03:13,2025-04-04T12:03:13,4202,1442,0
post,4198,Impressão 3D para Fabricação de Peças para Sistemas de Irrigação: Descubra 7 Vantagens,https://outlet3d.com.br/impressao-3d/impressao-3d-fabricacao-pecas-sistemas-irrigacao/,impressao-3d-fabricacao-pecas-sistemas-irrigacao,2025-04-04T08:02:39,2025-04-04T08:02:39,4199,1083,0
post,4195,Impressão 3D de peças para móveis: Descubra os materiais usados,https://outlet3d.com.br/impressao-3d/impressao-3d-de-pecas-para-moveis/,impressao-3d-de-pecas-para-moveis,2025-04-04T04:03:15,2025-04-04T04:03:15,4196,1665,0
post,4192,Como calibrar a tensão das correias de uma impressora 3D: Dicas Importantes,https://outlet3d.com.br/impressao-3d/como-calibrar-tensao-correias-impressora-3d/,como-calibrar-tensao-correias-impressora-3d,2025-04-04T00:02:32,2025-04-04T00:02:32,4193,867,0
post,4189,Impressão 3D para Criar Moldes de Silicone Personalizados: Descubra o Melhor Tipo,https://outlet3d.com.br/impressao-3d/impressao-3d-para-criar-moldes-de-silicone-personalizados/,impressao-3d-para-criar-moldes-de-silicone-personalizados,2025-04-03T20:15:13,2025-04-03T20:15:13,4190,1773,0
post,4184,Impressão 3D de peças para eventos: Descubra 5 Aplicações Criativas,https://outlet3d.com.br/impressao-3d/impressao-3d-de-pecas-para-eventos-2/,impressao-3d-de-pecas-para-eventos-2,2025-04-03T20:09:02,2025-04-03T20:09:02,4186,2369,0
post,4179,Filamento Reciclado: Confiabilidade e Qualidade na Impressão,https://outlet3d.com.br/impressao-3d/filamento-reciclado-confiavel/,filamento-reciclado-confiavel,2025-03-15T13:13:34,2025-03-15T13:13:34,4180,807,0
post,4176,Filamento Condutivo para Impressora 3D: Guia Completo,https://outlet3d.com.br/impressao-3d/filamento-condutivo-impressora-3d/,filamento-condutivo-impressora-3d,2025-03-09T19:47:33,2025-03-09T19:47:33,4177,731,0
post,4155,Calibrando Retratação no PrusaSlicer: Guia Completo,https://outlet3d.com.br/impressao-3d/calibrar-retracao-prusaslicer/,calibrar-retracao-prusaslicer,2025-03-07T00:05:18,2025-03-07T19:08:02,4156,769,1
post,4152,Onde Vender Arquivos STL no Brasil: Guia Completo,https://outlet3d.com.br/impressao-3d/vender-arquivos-stl-brasil/,vender-arquivos-stl-brasil,2025-03-06T23:42:11,2025-03-07T16:48:46,4153,907,0
post,4136,Impressão 3D na Educação: Transformando o Aprendizado,https://outlet3d.com.br/impressao-3d/impressao-3d-na-educacao-2/,impressao-3d-na-educacao-2,2025-03-06T20:15:23,2025-03-06T20:15:23,4137,860,0
post,4133,Velocidade de Impressão 3D: Ajustes para Materiais,https://outlet3d.com.br/impressao-3d/velocidade-impressao-3d-ajustes-materiais/,velocidade-impressao-3d-ajustes-materiais,2025-03-06T18:15:46,2025-03-07T13:13:43,4134,849,0
post,4130,Filamento para Ambientes Extremos: Como Escolher o Melhor,https://outlet3d.com.br/impressao-3d/filamento-para-ambientes-extremos/,filamento-para-ambientes-extremos,2025-03-06T16:15:02,2025-03-06T16:15:02,4131,844,0
post,4127,Impressão 3D para Câmeras: Personalize Suas Peças,https://outlet3d.com.br/impressao-3d/impressao-3d-para-cameras/,impressao-3d-para-cameras,2025-03-06T13:23:09,2025-03-06T13:23:09,4128,1019,0
post,4124,Impressão 3D com Filamento de Madeira: Guia Completo,https://outlet3d.com.br/impressao-3d/impressao-3d-filamento-madeira/,impressao-3d-filamento-madeira,2025-03-06T11:19:16,2025-03-07T16:58:42,4125,967,0
post,4118,O que é impressão 3D? Tudo que você precisa saber.,https://outlet3d.com.br/universo-3d/o-que-e-impressao-3d-2/,o-que-e-impressao-3d-2,2025-03-01T00:50:21,2025-03-07T17:05:49,4120,3709,2
post,4115,Impressão 3D para Reparos Domésticos: Soluções Práticas,https://outlet3d.com.br/impressao-3d/impressao-3d-reparos-domesticos/,impressao-3d-reparos-domesticos,2025-02-27T01:38:12,2025-03-07T17:06:57,4116,887,0
post,4100,Impressão 3D Decoração de Parede: Transforme Seu Espaço,https://outlet3d.com.br/impressao-3d/impressoes-3d-decoracao-parede/,impressoes-3d-decoracao-parede,2025-02-25T16:06:52,2025-03-07T17:10:06,4101,845,0
post,4093,Calibrar Extrusor Impressora 3D: Guia Completo e Eficaz,https://outlet3d.com.br/impressao-3d/calibrar-extrusor-impressora-3d/,calibrar-extrusor-impressora-3d,2025-02-25T15:11:44,2025-02-25T15:11:44,4094,824,0
post,4081,Impressão 3D na Automação de Portas: Vantagens e Aplicações,https://outlet3d.com.br/impressao-3d/impressao-3d-automacao-de-portas/,impressao-3d-automacao-de-portas,2025-02-19T15:22:20,2025-03-07T17:08:11,4082,916,0
post,4078,Impressão 3D Barata: Economize sem Perder Qualidade,https://outlet3d.com.br/impressao-3d/impressao-3d-barata/,impressao-3d-barata,2025-02-19T15:04:59,2025-02-25T13:12:42,4079,862,0
post,3727,Impressão 3D para Joias: Crie Peças Exclusivas e Únicas,https://outlet3d.com.br/impressao-3d/impressao-3d-para-joias/,impressao-3d-para-joias,2025-02-17T14:17:14,2025-02-25T13:20:08,3728,954,0
post,3724,Deslizamento da Correia na Impressora 3D: Como Evitar,https://outlet3d.com.br/impressao-3d/deslizamento-da-correia-impressora-3d/,deslizamento-da-correia-impressora-3d,2025-02-17T12:18:16,2025-02-25T13:21:17,3725,1579,0
post,3721,Impressão 3D de Peças para Drones: Guia Completo,https://outlet3d.com.br/impressao-3d/impressao-3d-pecas-drones/,impressao-3d-pecas-drones,2025-02-17T10:17:14,2025-02-25T13:21:56,3722,1123,0
post,3718,Aumentar a Velocidade de Impressão 3D Sem Perder Qualidade,https://outlet3d.com.br/impressao-3d/aumentar-velocidade-impressao-3d-2/,aumentar-velocidade-impressao-3d-2,2025-02-17T08:17:23,2025-02-26T19:35:02,3719,819,0
post,3715,Impressão 3D de Peças Modulares: A Revolução da Fabricação Inteligente,https://outlet3d.com.br/impressao-3d/impressao-3d-pecas-modulares/,impressao-3d-pecas-modulares,2025-02-17T06:17:20,2025-09-28T01:10:44,3716,836,0
post,3712,Impressão 3D Gadgets Personalizados: Crie o Seu!,https://outlet3d.com.br/impressao-3d/impressao-3d-gadgets-personalizados/,impressao-3d-gadgets-personalizados,2025-02-17T04:17:13,2025-02-26T19:36:20,3713,1157,0
post,3709,Impressão 3D: Personalização e Inovação na Indústria,https://outlet3d.com.br/impressao-3d/impressao-3d-personalizacao-industria/,impressao-3d-personalizacao-industria,2025-02-17T02:17:57,2025-02-26T19:37:02,3710,1570,0
post,3706,Impressão 3D com Metais: Entenda Como Funciona,https://outlet3d.com.br/impressao-3d/impressao-3d-com-metais-2/,impressao-3d-com-metais-2,2025-02-17T00:17:36,2025-02-26T19:37:40,3707,1131,0
post,3702,Impressora 3D para Miniaturas Detalhadas: Guia Completo,https://outlet3d.com.br/impressao-3d/impressora-3d-miniaturas-detalhadas/,impressora-3d-miniaturas-detalhadas,2025-02-16T22:16:54,2025-02-26T19:38:18,3703,868,0
post,3698,Impressão 3D ABS: Evite Trincas e Rachaduras com Dicas Práticas,https://outlet3d.com.br/impressao-3d/impressao-3d-abs-evitar-trincas-e-rachaduras/,impressao-3d-abs-evitar-trincas-e-rachaduras,2025-02-16T20:16:58,2025-02-26T19:38:56,3699,905,0
post,3695,Impressão 3D: Imprima Peças Ocas e Economize Filamento,https://outlet3d.com.br/impressao-3d/impressao-3d-pecas-ocas/,impressao-3d-pecas-ocas,2025-02-16T18:17:06,2025-02-26T19:39:37,3696,760,0
post,3692,Impressão 3D de Peças Sob Demanda: Entenda Como Funciona,https://outlet3d.com.br/impressao-3d/impressoes-3d-de-pecas-sob-demanda/,impressoes-3d-de-pecas-sob-demanda,2025-02-16T16:17:00,2025-02-26T19:40:17,3693,843,0
post,3689,Impressão 3D em Alta Velocidade: Dicas para Qualidade,https://outlet3d.com.br/impressao-3d/impressao-3d-alta-velocidade/,impressao-3d-alta-velocidade,2025-02-16T14:17:24,2025-02-26T19:40:56,3690,948,0
post,3685,Impressão 3D na Indústria: Peças Sob Medida e Inovação,https://outlet3d.com.br/impressao-3d/impressao-3d-na-industria/,impressao-3d-na-industria,2025-02-16T12:17:05,2025-03-08T21:43:13,3686,912,0
post,3682,Falhas na Impressão 3D: Como Evitar e Melhorar Resultados,https://outlet3d.com.br/impressao-3d/falhas-na-impressao-3d/,falhas-na-impressao-3d,2025-02-16T10:17:26,2025-02-16T10:17:26,3683,939,0
post,3679,Retenção Impressão 3D: Corrija Problemas Com Facilidade,https://outlet3d.com.br/impressao-3d/retencao-impressao-3d/,retencao-impressao-3d,2025-02-16T08:17:08,2025-02-16T08:17:08,3680,901,0
post,3676,Suportes na Impressão 3D: Como Configurá-los Corretamente,https://outlet3d.com.br/impressao-3d/suportes-impressao-3d/,suportes-impressao-3d,2025-02-16T06:17:21,2025-02-16T06:17:21,3677,786,0
post,3673,Impressão 3D Moldes de Silicone: Crie com Precisão,https://outlet3d.com.br/impressao-3d/impressao-3d-moldes-de-silicone/,impressao-3d-moldes-de-silicone,2025-02-16T04:17:03,2025-02-16T04:17:03,3674,934,0
post,3670,Impressão 3D com Compostos de Madeira: Prós e Contras,https://outlet3d.com.br/impressao-3d/impressao-3d-compostos-de-madeira/,impressao-3d-compostos-de-madeira,2025-02-16T02:17:02,2025-02-16T02:17:02,3671,882,0
post,3667,Deslizamento da Correia na Impressora 3D: Dicas para Evitar,https://outlet3d.com.br/impressao-3d/deslizamento-correia-impressora-3d/,deslizamento-correia-impressora-3d,2025-02-16T00:17:02,2025-02-16T00:17:02,3668,854,0
post,3664,Reduzir Desperdício de Filamento na Impressão 3D: Dicas Práticas,https://outlet3d.com.br/impressao-3d/reduzir-desperdicio-filamento-impressao-3d/,reduzir-desperdicio-filamento-impressao-3d,2025-02-15T22:18:18,2025-02-15T22:18:18,3665,2383,0
post,3661,Resina para Impressão 3D: Como Escolher a Melhor Opção,https://outlet3d.com.br/impressao-3d/resina-para-impressao-3d/,resina-para-impressao-3d,2025-02-15T20:17:04,2025-02-15T20:17:04,3662,921,0
post,3658,Impressão 3D em Restauração de Veículos Antigos: Transformação,https://outlet3d.com.br/impressao-3d/impressao-3d-restauracao-veiculos-antigos/,impressao-3d-restauracao-veiculos-antigos,2025-02-15T18:17:27,2025-02-15T18:17:27,3659,1046,0
post,3655,Impressão 3D de Móveis Personalizados e suas Vantagens,https://outlet3d.com.br/impressao-3d/impressao-3d-moveis-personalizados/,impressao-3d-moveis-personalizados,2025-02-15T16:17:43,2025-02-15T16:17:43,3656,1211,0
post,3652,Impressora 3D: Como Escolher a Melhor para Sua Casa,https://outlet3d.com.br/impressao-3d/impressora-3d-como-escolher-melhor-casa/,impressora-3d-como-escolher-melhor-casa,2025-02-15T14:17:07,2025-02-15T14:17:07,3653,929,0
post,3649,Filamento para Impressão 3D: Melhor Resistência ao Calor,https://outlet3d.com.br/impressao-3d/filamento-impressao-3d-resistente-calor/,filamento-impressao-3d-resistente-calor,2025-02-15T12:17:21,2025-02-15T12:17:21,3650,947,0
post,3645,Impressão 3D na Medicina: Revolução nas Próteses Ortopédicas,https://outlet3d.com.br/impressao-3d/impressao-3d-na-medicina/,impressao-3d-na-medicina,2025-02-15T10:17:13,2025-02-15T10:17:13,3646,995,0
post,3642,Impressão 3D com Suporte Solúvel: Vantagens e Desafios,https://outlet3d.com.br/impressao-3d/impressao-3d-com-suporte-soluvivel/,impressao-3d-com-suporte-soluvivel,2025-02-15T08:17:16,2025-02-15T08:17:16,3643,1042,0
post,3639,Impressão 3D com Filamento Flexível: Dicas para Sucesso,https://outlet3d.com.br/impressao-3d/impressao-3d-filamento-flexivel/,impressao-3d-filamento-flexivel,2025-02-15T06:17:30,2025-02-15T06:17:30,3640,936,0
post,3636,Impressão 3D de Esculturas: Transforme Suas Ideias em Arte,https://outlet3d.com.br/impressao-3d/impressao-3d-de-esculturas/,impressao-3d-de-esculturas,2025-02-15T04:17:16,2025-02-15T04:17:16,3637,1179,0
post,3633,Impressão 3D Carcaças Eletrônicas: Inovação e Eficiência,https://outlet3d.com.br/impressao-3d/impressao-3d-carcacas-eletronicas/,impressao-3d-carcacas-eletronicas,2025-02-15T02:17:08,2025-02-15T02:17:08,3634,1070,0
post,3630,Impressão 3D: Crie Moldes para Injeção Plástica Facilmente,https://outlet3d.com.br/impressao-3d/impressao-3d-moldes-injecao-plastica/,impressao-3d-moldes-injecao-plastica,2025-02-15T00:17:14,2025-02-15T00:17:14,3631,1066,0
post,3621,Reduzir Custos na Impressão 3D: Dicas e Estratégias Eficazes,https://outlet3d.com.br/impressao-3d/reduzir-custos-impressao-3d/,reduzir-custos-impressao-3d,2025-02-14T22:17:04,2025-02-14T22:17:04,3622,1108,0
post,3618,Impressão 3D Automotiva: Inovações e Vantagens na Indústria,https://outlet3d.com.br/impressao-3d/impressao-3d-automotiva/,impressao-3d-automotiva,2025-02-14T20:17:17,2025-02-14T20:17:17,3619,1065,0
post,3613,Impressão 3D: Transformando Ideias em Peças Personalizadas,https://outlet3d.com.br/impressao-3d/impressao-3d-pecas-personalizadas/,impressao-3d-pecas-personalizadas,2025-02-14T18:17:52,2025-02-14T18:26:54,3614,630,0
post,3610,Impressão 3D: Transformando Ideias em Protótipos Inovadores,https://outlet3d.com.br/impressao-3d/impressao-3d-prototipos-inovadores/,impressao-3d-prototipos-inovadores,2025-02-14T16:17:00,2025-02-14T16:17:00,3611,1185,0
post,3604,Peças Modulares Impressão 3D: Crie Com Flexibilidade,https://outlet3d.com.br/impressao-3d/pecas-modulares-impressao-3d/,pecas-modulares-impressao-3d,2025-02-14T14:17:18,2025-02-14T14:17:18,3605,1011,0
post,3601,Impressão 3D: Alta Precisão Dimensional em Peças,https://outlet3d.com.br/impressao-3d/impressao-3d-alta-precisao-dimensional/,impressao-3d-alta-precisao-dimensional,2025-02-14T12:17:06,2025-02-14T12:17:06,3602,1065,0
post,3598,Impressão 3D na Arquitetura: Benefícios e Aplicações Inovadoras,https://outlet3d.com.br/impressao-3d/impressao-3d-na-arquitetura/,impressao-3d-na-arquitetura,2025-02-14T10:16:52,2025-02-14T10:16:52,3599,947,0
post,3595,Software de Fatiamento 3D Gratuito: Melhores Opções para Você,https://outlet3d.com.br/impressao-3d/software-fatiamento-3d-gratuito/,software-fatiamento-3d-gratuito,2025-02-14T08:16:59,2025-02-14T08:16:59,3596,843,0
post,3592,Delaminação na Impressão 3D: Como Evitar e Garantir Qualidade,https://outlet3d.com.br/impressao-3d/delaminacao-impressao-3d/,delaminacao-impressao-3d,2025-02-14T06:17:38,2025-02-14T06:17:38,3593,1263,0
post,3589,Impressão 3D Personalização de Gadgets e Acessórios,https://outlet3d.com.br/impressao-3d/impressao-3d-personalizacao-gadgets-acessorios/,impressao-3d-personalizacao-gadgets-acessorios,2025-02-14T04:17:16,2025-02-14T04:17:16,3590,1065,0
post,3586,Impressão 3D na Restauração de Objetos Antigos: Transforme Histórias,https://outlet3d.com.br/impressao-3d/impressao-3d-restauracao-objetos-antigos/,impressao-3d-restauracao-objetos-antigos,2025-02-14T02:17:05,2025-02-14T02:17:05,3587,1031,0
post,3583,Impressão 3D para Eletrônicos Personalizados: Inove Agora!,https://outlet3d.com.br/impressao-3d/impressoes-3d-eletronicos-personalizados/,impressoes-3d-eletronicos-personalizados,2025-02-14T00:19:18,2025-02-14T00:19:18,3584,3029,0
post,3580,Impressão 3D de Brinquedos Educativos: Transformando o Aprendizado,https://outlet3d.com.br/impressao-3d/impressoes-3d-brinquedos-educativos/,impressoes-3d-brinquedos-educativos,2025-02-13T22:17:56,2025-02-13T22:17:56,3581,1087,0
post,3577,Impressão 3D com Resina: Evite Bolhas e Imperfeições,https://outlet3d.com.br/impressao-3d/impressao-3d-com-resina-evite-bolhas-e-imperfeicoes/,impressao-3d-com-resina-evite-bolhas-e-imperfeicoes,2025-02-13T20:17:05,2025-02-13T20:17:05,3578,960,0
post,3574,Impressão 3D: Resina ou Filamento? Descubra Aqui!,https://outlet3d.com.br/impressao-3d/impressao-3d-resina-ou-filamento/,impressao-3d-resina-ou-filamento,2025-02-13T18:18:32,2025-02-13T18:18:32,3575,1078,0
post,3571,Impressão 3D Industrial: Inovações e Vantagens,https://outlet3d.com.br/impressao-3d/impressao-3d-industrial-4/,impressao-3d-industrial-4,2025-02-13T16:17:09,2025-02-13T16:17:09,3572,913,0
post,3568,Impressão 3D com Materiais Flexíveis: Dicas e Técnicas,https://outlet3d.com.br/impressao-3d/impressao-3d-materiais-flexiveis/,impressao-3d-materiais-flexiveis,2025-02-13T14:17:17,2025-02-13T14:17:17,3569,869,0
post,3565,Impressão 3D Sustentável: Materiais Biodegradáveis Ecológicos,https://outlet3d.com.br/impressao-3d/impressao-3d-sustentavel-materiais-biodegradaveis/,impressao-3d-sustentavel-materiais-biodegradaveis,2025-02-13T12:17:08,2025-02-13T12:17:08,3566,858,0
post,3562,Impressão 3D: Joias Personalizadas e Exclusivas,https://outlet3d.com.br/impressao-3d/impressao-3d-joias-personalizadas/,impressao-3d-joias-personalizadas,2025-02-13T10:19:33,2025-02-13T10:19:33,3563,2497,0
post,3559,Otimização de Suportes na Impressão 3D: Menos Desperdício,https://outlet3d.com.br/impressao-3d/otimizacao-suportes-impressao-3d/,otimizacao-suportes-impressao-3d,2025-02-13T08:17:03,2025-02-13T08:17:03,3560,901,0
post,3556,Impressão 3D de Peças para Drones: Guia Completo,https://outlet3d.com.br/impressao-3d/impressao-3d-drones/,impressao-3d-drones,2025-02-13T06:17:31,2025-02-13T06:17:31,3557,961,0
post,3553,Aderência da Primeira Camada na Impressão 3D: Dicas Essenciais,https://outlet3d.com.br/impressao-3d/aderencia-primeira-camada-impressao-3d/,aderencia-primeira-camada-impressao-3d,2025-02-13T04:17:07,2025-02-13T04:17:07,3554,963,0
post,3550,Impressão 3D de Calçados Personalizados: Descubra Como Funciona,https://outlet3d.com.br/impressao-3d/impressao-3d-calcados-personalizados/,impressao-3d-calcados-personalizados,2025-02-13T02:17:08,2025-02-13T02:17:08,3551,1002,0
post,3547,Melhor Filamento para Impressão 3D de Peças Mecânicas,https://outlet3d.com.br/impressao-3d/melhor-filamento-impressao-3d/,melhor-filamento-impressao-3d,2025-02-13T00:17:05,2025-02-13T00:17:05,3548,833,0
post,3544,Impressão 3D Decoração: Transforme Seu Espaço com Criatividade,https://outlet3d.com.br/impressao-3d/impressao-3d-decoracao-2/,impressao-3d-decoracao-2,2025-02-12T22:16:51,2025-03-08T21:16:23,3545,938,0
post,3541,Melhor Material para Impressão 3D Resistente e Durável,https://outlet3d.com.br/impressao-3d/melhor-material-impressao-3d-resistente/,melhor-material-impressao-3d-resistente,2025-02-12T20:19:16,2025-02-12T20:19:16,3542,849,0
post,3538,Impressão 3D Eletrodomésticos: Revolucione a Manutenção,https://outlet3d.com.br/impressao-3d/impressao-3d-eletrodomesticos/,impressao-3d-eletrodomesticos,2025-02-12T20:16:53,2025-02-12T20:16:53,3539,1050,0
post,3535,Tratamento e Pintura de Peças Impressas em 3D: Dicas Imperdíveis,https://outlet3d.com.br/impressao-3d/tratamento-e-pintura-pecas-impressas-3d/,tratamento-e-pintura-pecas-impressas-3d,2025-02-12T13:00:18,2025-02-12T13:00:18,3536,1005,0
post,3530,Software Gratuito de Modelagem 3D: Os Melhores para Você,https://outlet3d.com.br/impressao-3d/software-gratuito-modelagem-3d/,software-gratuito-modelagem-3d,2025-02-11T16:17:23,2025-02-11T16:17:23,3531,893,0
post,3527,Impressão 3D Brinquedos: Transforme Criatividade em Realidade,https://outlet3d.com.br/impressao-3d/impressao-3d-brinquedos/,impressao-3d-brinquedos,2025-02-11T14:18:03,2025-02-11T14:18:03,3528,913,0
post,3524,Impressão 3D para Maquetes Arquitetônicas: Transforme Ideias,https://outlet3d.com.br/impressao-3d/impressao-3d-maquetes-arquitetonicas/,impressao-3d-maquetes-arquitetonicas,2025-02-11T12:17:50,2025-02-11T12:17:50,3525,1064,0
post,3521,Impressão 3D Industrial: Inovações e Vantagens,https://outlet3d.com.br/impressao-3d/impressao-3d-industrial-3/,impressao-3d-industrial-3,2025-02-11T10:17:24,2025-02-11T10:17:24,3522,858,0
post,3518,Impressão 3D: Transforme Imagens 2D em Modelos 3D,https://outlet3d.com.br/impressao-3d/impressao-3d-transformar-imagens-2d-em-modelos-3d/,impressao-3d-transformar-imagens-2d-em-modelos-3d,2025-02-11T08:17:44,2025-02-11T08:17:44,3519,926,0
post,3515,Impressão 3D: Produção de Ferramentas Personalizadas,https://outlet3d.com.br/impressao-3d/impressao-3d-ferramentas-personalizadas/,impressao-3d-ferramentas-personalizadas,2025-02-11T06:17:19,2025-02-11T06:17:19,3516,818,0
post,3511,Falhas de Extrusão: Como Corrigir na Impressão 3D,https://outlet3d.com.br/impressao-3d/falhas-de-extrusao-impressao-3d/,falhas-de-extrusao-impressao-3d,2025-02-09T20:48:47,2025-02-09T20:48:47,3512,807,0
post,3508,Impressora 3D Resina SLA: A Melhor Opção para Você,https://outlet3d.com.br/impressao-3d/impressora-3d-resina-sla/,impressora-3d-resina-sla,2025-02-09T20:46:06,2025-02-09T20:46:06,3509,962,0
post,3505,Modelos para Impressão 3D: Guia Completo de Criação,https://outlet3d.com.br/impressao-3d/modelos-para-impressao-3d/,modelos-para-impressao-3d,2025-02-09T20:43:35,2025-02-09T20:43:35,3506,826,0
post,3442,Medicina Personalizada: A Revolução da IA no Câncer,https://outlet3d.com.br/impressao-3d/medicina-personalizada-revolucao-ia-cancer/,medicina-personalizada-revolucao-ia-cancer,2025-02-04T19:13:39,2025-02-04T19:13:39,3443,1231,0
post,3439,Tendências Tecnológicas 2025: O Futuro da Inovação,https://outlet3d.com.br/impressao-3d/tendencias-tecnologicas-2025/,tendencias-tecnologicas-2025,2025-02-04T19:11:09,2025-02-08T13:24:58,3440,1268,0
post,3406,Impressão 3D de Peças para Bicicletas: Vale a Pena?,https://outlet3d.com.br/impressao-3d/impressao-3d-bicicletas/,impressao-3d-bicicletas,2025-02-02T20:42:13,2025-02-02T20:42:13,3407,1159,0
post,3403,Melhor Impressora 3D Custo-Benefício em 2024,https://outlet3d.com.br/impressao-3d/melhor-impressora-3d-custo-beneficio-2024/,melhor-impressora-3d-custo-beneficio-2024,2025-02-02T18:42:02,2025-02-02T18:42:02,3404,997,0
post,3400,Melhor Filamento para Impressão 3D com Resistência Mecânica,https://outlet3d.com.br/impressao-3d/melhor-filamento-impressao-3d-resistencia-mecanica/,melhor-filamento-impressao-3d-resistencia-mecanica,2025-02-02T16:42:22,2025-02-02T16:42:22,3401,1179,0
post,3397,Impressão 3D na Robótica: Revolucionando a Indústria,https://outlet3d.com.br/impressao-3d/impressao-3d-robotica-industria/,impressao-3d-robotica-industria,2025-02-02T14:42:13,2025-02-02T14:42:13,3398,1096,0
post,3394,Como Criar Texturas em Impressão 3D: Guia Completo,https://outlet3d.com.br/impressao-3d/como-criar-texturas-impressao-3d/,como-criar-texturas-impressao-3d,2025-02-02T12:42:09,2025-02-02T12:42:09,3395,1261,0
post,3391,Melhor Configuração de Temperatura para Impressão 3D com ABS,https://outlet3d.com.br/impressao-3d/configuracao-temperatura-impressao-3d-abs/,configuracao-temperatura-impressao-3d-abs,2025-02-02T10:42:11,2025-02-02T10:42:11,3392,1189,0
post,3388,Impressão 3D para Peças Automotivas Customizadas,https://outlet3d.com.br/impressao-3d/impressao-3d-pecas-automotivas/,impressao-3d-pecas-automotivas,2025-02-02T08:41:57,2025-02-02T08:41:57,3389,1164,0
post,3385,Melhor Impressora 3D para Objetos Grandes: Guia Completo,https://outlet3d.com.br/impressao-3d/melhor-impressora-3d-objetos-grandes/,melhor-impressora-3d-objetos-grandes,2025-02-02T06:42:16,2025-02-02T06:42:16,3386,1031,0
post,3382,Como Criar Produtos Impressos em 3D e Vender Online,https://outlet3d.com.br/impressao-3d/como-criar-produtos-impressos-em-3d-e-vender-online/,como-criar-produtos-impressos-em-3d-e-vender-online,2025-02-02T04:41:47,2025-02-02T04:41:47,3383,1194,0
post,3379,Impressão 3D para Iniciantes: Guia Completo,https://outlet3d.com.br/impressao-3d/impressao-3d-para-iniciantes/,impressao-3d-para-iniciantes,2025-02-02T02:42:33,2025-02-02T02:42:33,3380,1455,0
post,3376,Impressão 3D com Fibra de Carbono: Vale a Pena Investir?,https://outlet3d.com.br/impressao-3d/impressao-3d-fibra-carbono/,impressao-3d-fibra-carbono,2025-02-02T00:41:48,2025-02-02T00:41:48,3377,1306,0
post,3373,Como Criar Peças Articuladas na Impressão 3D,https://outlet3d.com.br/impressao-3d/como-criar-pecas-articuladas-impressao-3d/,como-criar-pecas-articuladas-impressao-3d,2025-02-01T22:41:42,2025-02-01T22:41:42,3374,1180,0
post,3370,Melhor Impressora 3D para Iniciantes em 2024,https://outlet3d.com.br/impressao-3d/melhor-impressora-3d-iniciantes-2024/,melhor-impressora-3d-iniciantes-2024,2025-02-01T20:42:08,2025-02-01T20:42:08,3371,1174,0
post,3367,Impressão 3D na Indústria: Inovações e Tendências Futuras,https://outlet3d.com.br/impressao-3d/impressao-3d-industria-inovacoes-tendencias/,impressao-3d-industria-inovacoes-tendencias,2025-02-01T18:42:30,2025-02-01T18:42:30,3368,1672,0
post,3364,Melhor Método de Acabamento para Impressões em PLA,https://outlet3d.com.br/impressao-3d/melhor-metodo-acabamento-impressao-pla/,melhor-metodo-acabamento-impressao-pla,2025-02-01T16:42:20,2025-02-01T16:42:20,3365,1146,0
post,3361,Quanto Custa Imprimir em 3D? Guia Completo de Preços,https://outlet3d.com.br/impressao-3d/quanto-custa-imprimir-em-3d/,quanto-custa-imprimir-em-3d,2025-02-01T14:42:18,2025-02-01T14:42:18,3362,1190,0
post,3358,Impressão 3D para Cosplay: Dicas e Materiais Essenciais,https://outlet3d.com.br/impressao-3d/impressao-3d-cosplay-dicas-materiais/,impressao-3d-cosplay-dicas-materiais,2025-02-01T12:42:08,2025-02-01T12:42:08,3359,1273,0
post,3355,Impressão 3D para Acessórios de Drones: Inovações e Vantagens,https://outlet3d.com.br/impressao-3d/impressao-3d-acessorios-drones/,impressao-3d-acessorios-drones,2025-02-01T10:42:13,2025-02-01T10:42:13,3356,1192,0
post,3352,Impermeabilizar Peças Impressas em 3D: Dicas Eficazes,https://outlet3d.com.br/impressao-3d/impermeabilizar-pecas-impressas-em-3d/,impermeabilizar-pecas-impressas-em-3d,2025-02-01T08:41:47,2025-02-01T08:41:47,3353,1022,0
post,3349,Aumentar a Velocidade de Impressão 3D Sem Perder Qualidade,https://outlet3d.com.br/impressao-3d/aumentar-velocidade-impressao-3d/,aumentar-velocidade-impressao-3d,2025-02-01T06:42:19,2025-02-01T06:42:19,3350,1727,0
post,3346,Impressão 3D com Metais: Como Funciona e Custos,https://outlet3d.com.br/impressao-3d/impressao-3d-com-metais/,impressao-3d-com-metais,2025-02-01T04:42:14,2025-02-01T04:42:14,3347,1253,0
post,3343,"Diferença entre PLA, ABS e PETG na Impressão 3D",https://outlet3d.com.br/impressao-3d/diferenca-pla-abs-petg-impressao-3d/,diferenca-pla-abs-petg-impressao-3d,2025-02-01T02:42:06,2025-02-01T02:42:06,3344,1210,0
post,3340,Imprimir Peças Grandes em 3D Sem Deformação: Dicas,https://outlet3d.com.br/impressao-3d/imprimir-pecas-grandes-3d-sem-deformacao/,imprimir-pecas-grandes-3d-sem-deformacao,2025-02-01T00:41:42,2025-02-01T00:41:42,3341,1059,0
post,3337,Como Consertar Bico Entupido na Impressão 3D,https://outlet3d.com.br/impressao-3d/consertar-bico-entupido-impressao-3d/,consertar-bico-entupido-impressao-3d,2025-01-31T22:41:46,2025-01-31T22:41:46,3338,939,0
post,3334,Como Calcular o Custo de Impressão 3D Corretamente,https://outlet3d.com.br/impressao-3d/calcular-custo-impressao-3d/,calcular-custo-impressao-3d,2025-01-31T20:42:03,2025-01-31T20:42:03,3335,1206,0
post,3331,Reforçar Peças Impressas em 3D para Maior Durabilidade,https://outlet3d.com.br/impressao-3d/reforcar-pecas-impressas-em-3d/,reforcar-pecas-impressas-em-3d,2025-01-31T18:41:52,2025-01-31T18:41:52,3332,1031,0
post,3328,Como Evitar Stringing e Melhorar o Acabamento na Impressão 3D,https://outlet3d.com.br/impressao-3d/evitar-stringing-acabamento-impressao-3d/,evitar-stringing-acabamento-impressao-3d,2025-01-30T22:49:23,2025-01-30T22:49:23,3329,1010,0
post,3325,Impressão 3D com Dois Materiais: Guia Prático para Iniciantes,https://outlet3d.com.br/impressao-3d/impressao-3d-dois-materiais/,impressao-3d-dois-materiais,2025-01-30T19:38:41,2025-01-30T19:38:41,3326,1542,0
post,3322,Imprimir Miniaturas em 3D: Dicas para Alta Qualidade,https://outlet3d.com.br/impressao-3d/imprimir-miniaturas-3d-alta-qualidade/,imprimir-miniaturas-3d-alta-qualidade,2025-01-30T16:12:35,2025-01-30T16:12:35,3323,1294,0
post,3319,Impressão 3D para Prototipagem Rápida: Guia Completo,https://outlet3d.com.br/impressao-3d/impressao-3d-prototipagem-rapida/,impressao-3d-prototipagem-rapida,2025-01-30T12:12:36,2025-01-30T12:12:36,3320,1067,0
post,3315,Como Iniciar um Negócio de Impressão 3D: Guia Completo,https://outlet3d.com.br/impressao-3d/como-iniciar-negocio-impressao-3d/,como-iniciar-negocio-impressao-3d,2025-01-30T08:12:23,2025-01-30T08:12:23,3316,1142,0
post,3312,Impressão 3D: Peças Personalizadas para Motos Customizadas,https://outlet3d.com.br/impressao-3d/impressao-3d-motos-customizadas/,impressao-3d-motos-customizadas,2025-01-30T04:12:22,2025-01-30T04:12:22,3313,1207,0
post,3309,Como Evitar Warping e Descolamento na Impressão 3D,https://outlet3d.com.br/impressao-3d/evitar-warping-descolamento-impressao-3d/,evitar-warping-descolamento-impressao-3d,2025-01-30T00:12:13,2025-01-30T00:12:13,3310,1079,0
post,3306,Impressão 3D em Componentes Eletrônicos: Vantagens e Limitações,https://outlet3d.com.br/impressao-3d/impressao-3d-componentes-eletronicos-2/,impressao-3d-componentes-eletronicos-2,2025-01-29T20:12:24,2025-01-29T20:12:24,3307,1275,0
post,3303,Calibrar Impressora 3D: Guia Completo para Iniciantes,https://outlet3d.com.br/impressao-3d/calibrar-impressora-3d/,calibrar-impressora-3d,2025-01-29T19:59:41,2025-01-29T19:59:41,3304,984,0
post,3300,Impressão 3D de Moldes para Fundição: Inovação e Eficiência,https://outlet3d.com.br/impressao-3d/impressao-3d-moldes-fundicao/,impressao-3d-moldes-fundicao,2025-01-29T11:36:07,2025-01-29T11:36:07,3301,1018,0
post,3297,Impressão 3D: Suportes Personalizados para Celular e Tablet,https://outlet3d.com.br/impressao-3d/impressao-3d-suportes-celular-tablet/,impressao-3d-suportes-celular-tablet,2025-01-29T02:23:11,2025-01-29T02:23:11,3298,1185,0
post,3290,Manutenção de Impressora 3D: Guia Completo e Prático,https://outlet3d.com.br/impressao-3d/manutencao-impressora-3d-3/,manutencao-impressora-3d-3,2025-01-29T02:11:57,2025-01-29T02:11:57,3291,1100,0
post,3287,Impressão 3D: Como Funciona Passo a Passo,https://outlet3d.com.br/impressao-3d/impressao-3d-como-funciona-3/,impressao-3d-como-funciona-3,2025-01-29T02:09:23,2025-01-29T02:09:23,3288,1167,0
post,3256,Encontros de Makers 3D: Inove e Conecte Criadores,https://outlet3d.com.br/eventos-comunidade/encontros-makers-3d/,encontros-makers-3d,2025-01-07T22:31:21,2025-01-07T22:31:21,3257,1574,0
post,3253,Prototipagem em Engenharia Mecânica: Transforme Ideias em Realidade,https://outlet3d.com.br/impressao-3d/prototipagem-engenharia-mecanica/,prototipagem-engenharia-mecanica,2025-01-05T16:01:37,2025-01-05T16:01:37,3254,974,0
post,3250,Testes Práticos com Impressoras 3D: Avalie e Otimize Projetos,https://outlet3d.com.br/impressao-3d/testes-praticos-impressoras-3d-3/,testes-praticos-impressoras-3d-3,2025-01-05T14:01:42,2025-01-05T14:01:42,3251,1186,0
post,3247,Mercado de Impressão 3D: Tendências e Oportunidades,https://outlet3d.com.br/impressao-3d/mercado-impressao-3d-tendencias-oportunidades/,mercado-impressao-3d-tendencias-oportunidades,2025-01-05T12:01:55,2025-01-05T12:01:55,3248,1429,0
post,3244,Design de Produtos 3D: Transformando Ideias em Realidade,https://outlet3d.com.br/impressao-3d/design-produtos-3d-2/,design-produtos-3d-2,2025-01-05T10:01:35,2025-01-05T10:01:35,3245,1022,0
post,3241,Melhores Marcas de Filamento 3D para Impressão de Alta Qualidade,https://outlet3d.com.br/impressao-3d/melhores-marcas-filamento-3d-2/,melhores-marcas-filamento-3d-2,2025-01-05T08:01:54,2025-01-05T08:01:54,3242,1092,0
post,3238,Impressão 3D de Alimentos: O Futuro da Culinária,https://outlet3d.com.br/impressao-3d/impressao-3d-alimentos/,impressao-3d-alimentos,2025-01-05T06:01:36,2025-01-05T06:01:36,3239,1310,0
post,3235,Impressão 3D Industrial: Revolucionando a Produção Moderna,https://outlet3d.com.br/impressao-3d/impressao-3d-industrial-2/,impressao-3d-industrial-2,2025-01-05T04:01:28,2025-01-05T04:01:28,3236,1072,0
post,3232,Filamento Condutivo: O Que É e Como Utilizar na Impressão 3D,https://outlet3d.com.br/impressao-3d/filamento-condutivo-impressao-3d-2/,filamento-condutivo-impressao-3d-2,2025-01-05T02:01:31,2025-01-05T02:01:31,3233,1353,0
post,3229,Impressão 3D: Guia Completo para Iniciantes,https://outlet3d.com.br/impressao-3d/impressao-3d-guia-iniciantes-2/,impressao-3d-guia-iniciantes-2,2025-01-05T00:01:29,2025-01-05T00:01:29,3230,1100,0
post,3226,Nanotecnologia na Impressão 3D: Inovações e Vantagens,https://outlet3d.com.br/impressao-3d/nanotecnologia-impressao-3d-2/,nanotecnologia-impressao-3d-2,2025-01-04T22:01:31,2025-01-04T22:01:31,3227,1275,0
post,3223,Tecnologia 3D: Inovações que Estão Transformando o Futuro,https://outlet3d.com.br/impressao-3d/tecnologia-3d-inovacoes-transformando-futuro/,tecnologia-3d-inovacoes-transformando-futuro,2025-01-04T20:01:38,2025-01-04T20:01:38,3224,1180,0
post,3220,Fóruns de Impressão 3D: O Guia Completo para Entusiastas,https://outlet3d.com.br/impressao-3d/foruns-de-impressao-3d/,foruns-de-impressao-3d,2025-01-04T18:01:40,2025-01-04T18:01:40,3221,1260,0
post,3217,Personalização de Brinquedos: Experiências Únicas para Crianças,https://outlet3d.com.br/impressao-3d/personalizacao-brinquedos-experiencias-unicas/,personalizacao-brinquedos-experiencias-unicas,2025-01-04T16:01:41,2025-01-04T16:01:41,3218,1564,0
post,3214,Impressão 3D nas Escolas: Transformando o Ensino,https://outlet3d.com.br/impressao-3d/impressao-3d-nas-escolas-2/,impressao-3d-nas-escolas-2,2025-01-04T14:01:59,2025-01-04T14:01:59,3215,1168,0
post,3210,Filamento PETG: Tudo que Você Precisa Saber para Impressão 3D,https://outlet3d.com.br/impressao-3d/filamento-petg-impressao-3d/,filamento-petg-impressao-3d,2025-01-04T12:01:41,2025-01-04T12:01:41,3211,1244,0
post,3207,Colaboração na Comunidade 3D: O Futuro da Impressão 3D,https://outlet3d.com.br/impressao-3d/colaboracao-comunidade-3d/,colaboracao-comunidade-3d,2025-01-04T10:02:04,2025-01-04T10:02:04,3208,2093,0
post,3204,Software para Impressão 3D: Tudo Que Você Precisa Saber,https://outlet3d.com.br/impressao-3d/software-impressao-3d-tudo-que-voce-precisa-saber/,software-impressao-3d-tudo-que-voce-precisa-saber,2025-01-04T08:01:57,2025-01-04T08:01:57,3205,1872,0
post,3201,Impressão 3D em Construção Civil: O Futuro da Arquitetura,https://outlet3d.com.br/impressao-3d/impressao-3d-construcao-civil/,impressao-3d-construcao-civil,2025-01-04T06:01:42,2025-01-04T06:01:42,3202,1311,0
post,3198,Configuração de Impressora 3D: Guia Completo para Iniciantes,https://outlet3d.com.br/impressao-3d/configuracao-impressora-3d-iniciantes/,configuracao-impressora-3d-iniciantes,2025-01-04T04:01:33,2025-01-04T04:01:33,3199,1105,0
post,3195,Impressão 3D de Polímeros: Tudo o Que Você Precisa Saber,https://outlet3d.com.br/impressao-3d/impressao-3d-de-polimeros-2/,impressao-3d-de-polimeros-2,2025-01-04T02:01:36,2025-01-04T02:01:36,3196,1088,0
post,3192,Soluções Ecológicas em Impressão 3D: Inovação Sustentável,https://outlet3d.com.br/impressao-3d/solucoes-ecologicas-impressao-3d/,solucoes-ecologicas-impressao-3d,2025-01-04T00:01:31,2025-01-04T00:01:31,3193,1036,0
post,3189,Impressão 3D na Indústria: Inovação e Transformação,https://outlet3d.com.br/impressao-3d/impressao-3d-industria/,impressao-3d-industria,2025-01-03T22:01:35,2025-01-03T22:01:35,3190,1143,0
post,3186,Impressão 4D: O Futuro da Fabricação e Design,https://outlet3d.com.br/impressao-3d/impressao-4d-futuro-fabricacao-design/,impressao-4d-futuro-fabricacao-design,2025-01-03T20:01:40,2025-01-03T20:01:40,3187,907,0
post,3183,Mercado de Impressão 3D: Oportunidades e Tendências para Negócios,https://outlet3d.com.br/impressao-3d/mercado-impressao-3d-oportunidades-tendencias/,mercado-impressao-3d-oportunidades-tendencias,2025-01-03T18:01:39,2025-01-03T18:01:39,3184,1436,0
post,3180,Pesquisa e Desenvolvimento com 3D: Inovações e Aplicações,https://outlet3d.com.br/impressao-3d/pesquisa-desenvolvimento-3d-inovacoes-aplicacoes/,pesquisa-desenvolvimento-3d-inovacoes-aplicacoes,2025-01-03T16:01:42,2025-01-03T16:01:42,3181,997,0
post,3177,Impressão 3D: Avanços que Transformam a Tecnologia,https://outlet3d.com.br/impressao-3d/impressao-3d-avancos-tecnologia/,impressao-3d-avancos-tecnologia,2025-01-03T14:01:41,2025-01-03T14:01:41,3178,1374,0
post,3174,Protótipos em Design de Produtos: Importância e Práticas,https://outlet3d.com.br/impressao-3d/prototipos-design-produtos-importancia-praticas/,prototipos-design-produtos-importancia-praticas,2025-01-03T12:01:39,2025-01-03T12:01:39,3175,975,0
post,3171,Exposições Internacionais de Impressão 3D: O Futuro da Tecnologia,https://outlet3d.com.br/impressao-3d/exposicoes-internacionais-impressao-3d/,exposicoes-internacionais-impressao-3d,2025-01-03T10:02:21,2025-01-03T10:02:21,3172,1911,0
post,3168,Modelos Artísticos para Impressão 3D: Transforme Sua Criatividade,https://outlet3d.com.br/impressao-3d/modelos-artisticos-impressao-3d-2/,modelos-artisticos-impressao-3d-2,2025-01-03T08:01:41,2025-01-03T08:01:41,3169,1256,0
post,3165,Impressão 3D de Metais: A Revolução na Fabricação,https://outlet3d.com.br/impressao-3d/impressao-3d-metais-revolucao-fabricacao/,impressao-3d-metais-revolucao-fabricacao,2025-01-03T06:01:32,2025-01-03T06:01:32,3166,943,0
post,3162,Impressão 3D na Construção: Revolução na Arquitetura e Engenharia,https://outlet3d.com.br/impressao-3d/impressao-3d-construcao-arquitetura-engenharia/,impressao-3d-construcao-arquitetura-engenharia,2025-01-03T04:02:07,2025-01-03T04:02:07,3163,1448,0
post,3159,Software CAD: Guia Completo para Profissionais de Design,https://outlet3d.com.br/impressao-3d/software-cad-guia-completo/,software-cad-guia-completo,2025-01-03T02:01:46,2025-01-03T02:01:46,3160,1538,0
post,3156,Impressoras SLA: Guia Completo para Escolher a Melhor,https://outlet3d.com.br/impressao-3d/impressoras-sla-guia-completo/,impressoras-sla-guia-completo,2025-01-03T00:01:46,2025-01-03T00:01:46,3157,1292,0
post,3153,Impressão 3D na Robótica: Transformando o Futuro,https://outlet3d.com.br/impressao-3d/impressao-3d-robotica-tecnologia/,impressao-3d-robotica-tecnologia,2025-01-02T22:01:39,2025-01-02T22:01:39,3154,1323,0
post,3150,Economia Circular e Impressão 3D: O Futuro Sustentável,https://outlet3d.com.br/impressao-3d/economia-circular-impressao-3d/,economia-circular-impressao-3d,2025-01-02T20:01:59,2025-01-02T20:01:59,3151,2162,0
post,3147,Prototipagem de Produtos: Transforme Ideias em Realidade,https://outlet3d.com.br/impressao-3d/prototipagem-de-produtos/,prototipagem-de-produtos,2025-01-02T18:01:46,2025-01-02T18:01:46,3148,1246,0
post,3143,Modelos 3D Criativos: Transformando Ideias em Realidade,https://outlet3d.com.br/impressao-3d/modelos-3d-criativos-3/,modelos-3d-criativos-3,2025-01-02T16:01:42,2025-01-02T16:01:42,3144,1040,0
post,3140,Cursos de Modelagem para Impressão 3D: Aprenda a Criar Modelos,https://outlet3d.com.br/impressao-3d/cursos-modelagem-impressao-3d-2/,cursos-modelagem-impressao-3d-2,2025-01-02T14:01:39,2025-01-02T14:01:39,3141,1469,0
post,3137,Testes de Qualidade em Impressão 3D para Resultados Precisos,https://outlet3d.com.br/impressao-3d/testes-qualidade-impressao-3d-2/,testes-qualidade-impressao-3d-2,2025-01-02T12:41:26,2025-01-02T12:41:26,3138,1168,0
post,3133,Bioimpressão 3D: Revolucionando a Medicina Moderna,https://outlet3d.com.br/impressao-3d/bioimpressao-3d-medicina-moderna/,bioimpressao-3d-medicina-moderna,2025-01-02T12:01:32,2025-01-02T12:01:32,3134,969,0
post,3128,Ferramentas Customizadas: Soluções Sob Medida para Você,https://outlet3d.com.br/impressao-3d/ferramentas-customizadas-solucao-sob-medida/,ferramentas-customizadas-solucao-sob-medida,2025-01-02T10:01:56,2025-01-02T10:01:56,3129,1363,0
post,3125,Impressoras 3D: O Guia Completo para Escolher a Melhor Opção,https://outlet3d.com.br/impressao-3d/impressoras-3d-guia-completo-2/,impressoras-3d-guia-completo-2,2025-01-02T08:02:11,2025-01-02T12:13:16,3126,1515,0
post,3122,Filamentos Premium: Qual o Melhor para Impressão 3D?,https://outlet3d.com.br/impressao-3d/filamentos-premium-melhor-impressao-3d/,filamentos-premium-melhor-impressao-3d,2025-01-02T06:01:44,2025-01-02T06:01:44,3123,1367,0
post,3119,Como lucrar com impressão 3D,https://outlet3d.com.br/impressao-3d/como-lucrar-com-impressao-3d/,como-lucrar-com-impressao-3d,2025-01-02T04:01:58,2025-01-02T11:04:06,3120,1864,0
post,3116,Prototipagem Rápida: Inove com Eficiência e Criatividade,https://outlet3d.com.br/impressao-3d/prototipagem-rapida-inovacao-eficiencia/,prototipagem-rapida-inovacao-eficiencia,2025-01-02T02:02:21,2025-01-02T02:02:21,3117,2275,0
post,3113,Competições de Impressão 3D: Tudo o Que Você Precisa Saber,https://outlet3d.com.br/impressao-3d/competicoes-impressao-3d/,competicoes-impressao-3d,2025-01-02T00:01:24,2025-01-02T00:01:24,3114,1042,0
post,3110,Impressão 3D: Transformando Ideias em Realidade,https://outlet3d.com.br/impressao-3d/impressao-3d-transformando-ideias/,impressao-3d-transformando-ideias,2025-01-01T23:51:24,2025-01-01T23:51:24,3111,1022,0
post,3065,Testes Práticos com Impressoras 3D: Avalie Qualidade e Desempenho,https://outlet3d.com.br/impressao-3d/testes-praticos-impressoras-3d-2/,testes-praticos-impressoras-3d-2,2025-01-01T11:55:20,2025-01-02T11:22:14,3066,1141,0
post,3062,Impressão 3D: Entenda Como Funciona e Suas Aplicações,https://outlet3d.com.br/impressao-3d/impressao-3d-como-funciona/,impressao-3d-como-funciona,2025-01-01T11:55:05,2025-01-01T11:55:05,3063,1141,0
post,3059,Impressão 3D de Metais: Transformando a Indústria Moderna,https://outlet3d.com.br/impressao-3d/impressao-3d-de-metais/,impressao-3d-de-metais,2025-01-01T11:54:55,2025-01-01T11:54:55,3060,1810,0
post,3056,Impressão 3D na Educação: Transformando o Aprendizado,https://outlet3d.com.br/guias-e-tutoriais/impressao-3d-educacao/,impressao-3d-educacao,2025-01-01T11:54:46,2025-01-01T11:54:46,3057,1223,0
post,3053,Impressão 3D com Materiais Reciclados: Inovação Sustentável,https://outlet3d.com.br/impressao-3d/impressao-3d-materiais-reciclados/,impressao-3d-materiais-reciclados,2025-01-01T11:54:32,2025-01-01T11:54:32,3054,1255,0
post,3050,Prototipagem na Indústria de Moda: Transforme Ideias em Realidade,https://outlet3d.com.br/criacao-prototipagem/prototipagem-industria-moda-2/,prototipagem-industria-moda-2,2025-01-01T11:54:22,2025-01-01T11:54:22,3051,1062,0
post,3047,Prototipagem na Indústria de Moda: Inovação e Eficiência,https://outlet3d.com.br/criacao-prototipagem/prototipagem-industria-moda/,prototipagem-industria-moda,2025-01-01T11:53:58,2025-01-01T11:53:58,3048,1111,0
post,3044,Impressão 3D em Alta Resolução: Revolucione sua Criação,https://outlet3d.com.br/impressao-3d/impressao-3d-alta-resolucao/,impressao-3d-alta-resolucao,2025-01-01T11:53:39,2025-01-01T11:53:39,3045,1101,0
post,3041,Reciclagem de Filamentos 3D: Sustentabilidade na Impressão,https://outlet3d.com.br/filamento/reciclagem-filamentos-3d-sustentabilidade/,reciclagem-filamentos-3d-sustentabilidade,2025-01-01T11:53:27,2025-01-01T11:53:27,3042,1255,0
post,3038,Design de Joias em 3D: Crie Peças Brilhantes Hoje,https://outlet3d.com.br/design-criatividade/design-joias-3d/,design-joias-3d,2025-01-01T11:53:13,2025-01-01T11:53:13,3039,1139,0
post,3035,Impressão 3D em Produção em Massa: O Futuro da Fabricação,https://outlet3d.com.br/impressao-3d/impressao-3d-producao-em-massa/,impressao-3d-producao-em-massa,2025-01-01T11:52:55,2025-01-01T11:52:55,3036,1613,0
post,3032,Impressão 3D: Avanços que Transformam Indústrias,https://outlet3d.com.br/impressao-3d/impressoes-3d-avancos-industrias/,impressoes-3d-avancos-industrias,2025-01-01T11:52:46,2025-01-01T11:52:46,3033,1410,0
post,3029,Dicas para Impressão 3D: Melhore Seus Projetos Agora,https://outlet3d.com.br/impressao-3d/dicas-impressao-3d/,dicas-impressao-3d,2025-01-01T11:52:39,2025-01-01T11:52:39,3030,1557,0
post,3026,Modelos 3D Criativos: Transforme Ideias em Realidade,https://outlet3d.com.br/impressao-3d/modelos-3d-criativos-2/,modelos-3d-criativos-2,2025-01-01T11:52:25,2025-01-01T11:52:25,3027,964,0
post,3023,Nanotecnologia na Impressão 3D: Inovações na Manufatura,https://outlet3d.com.br/impressao-3d/nanotecnologia-impressao-3d/,nanotecnologia-impressao-3d,2025-01-01T11:52:14,2025-01-01T11:52:14,3024,1303,0
post,3020,Testes Práticos com Impressoras 3D: Avaliando Qualidade e Desempenho,https://outlet3d.com.br/impressao-3d/testes-praticos-impressoras-3d/,testes-praticos-impressoras-3d,2025-01-01T11:52:07,2025-01-01T11:52:07,3021,1170,0
post,3017,Impressão 3D: Transforme Ideias em Realidade,https://outlet3d.com.br/impressao-3d/impressao-3d-transforme-ideias-em-realidade/,impressao-3d-transforme-ideias-em-realidade,2025-01-01T11:51:59,2025-01-01T11:51:59,3018,1370,0
post,3014,Design de Produtos 3D: Transformando Ideias em Realidade,https://outlet3d.com.br/design-criatividade/design-produtos-3d/,design-produtos-3d,2025-01-01T11:51:26,2025-01-01T11:51:26,3015,2435,0
post,3011,Impressão 3D de Órgãos: Transformando a Medicina Moderna,https://outlet3d.com.br/impressao-3d/impressao-3d-orgaos/,impressao-3d-orgaos,2025-01-01T11:51:13,2025-01-01T11:51:13,3012,1364,0
post,3008,Esculturas 3D: Tudo que Você Precisa Saber para Começar,https://outlet3d.com.br/impressao-3d/esculturas-3d-tudo-que-voce-precisa-saber/,esculturas-3d-tudo-que-voce-precisa-saber,2025-01-01T11:51:06,2025-01-01T11:51:06,3009,1484,0
post,3005,Cursos de Impressão 3D: Transforme Ideias em Realidade,https://outlet3d.com.br/guias-e-tutoriais/cursos-impressao-3d/,cursos-impressao-3d,2025-01-01T11:50:54,2025-01-01T11:50:54,3006,1394,0
post,3002,Modelagem 3D: Aprenda do Básico ao Avançado,https://outlet3d.com.br/guias-e-tutoriais/modelagem-3d-aprenda-do-basico-ao-avancado/,modelagem-3d-aprenda-do-basico-ao-avancado,2025-01-01T11:50:40,2025-01-01T11:50:40,3003,1088,0
post,2999,Impressão 3D: Inovações e Futuro da Fabricação,https://outlet3d.com.br/impressao-3d/impressao-3d-inovacoes-futuro-fabricacao/,impressao-3d-inovacoes-futuro-fabricacao,2025-01-01T11:50:23,2025-01-01T11:50:23,3000,2272,0
post,2996,Encontros de Impressão 3D Online: Conecte-se e Inove,https://outlet3d.com.br/impressao-3d/encontros-impressao-3d-online-2/,encontros-impressao-3d-online-2,2025-01-01T11:50:15,2025-01-01T11:50:15,2997,1373,0
post,2993,Filamentos Biodegradáveis: O Futuro da Impressão 3D Sustentável,https://outlet3d.com.br/filamento/filamentos-biodegradaveis-impressao-3d/,filamentos-biodegradaveis-impressao-3d,2025-01-01T11:50:06,2025-01-01T11:50:06,2994,1573,0
post,2990,Modelos de Negócios em Impressão 3D: Lucre com Inovação,https://outlet3d.com.br/impressao-3d/modelos-negocios-impressao-3d-lucrar/,modelos-negocios-impressao-3d-lucrar,2025-01-01T11:49:51,2025-01-01T11:49:51,2991,2026,0
post,2987,Cursos de Modelagem para Impressão 3D: Aprenda a Criar,https://outlet3d.com.br/impressao-3d/cursos-modelagem-impressao-3d/,cursos-modelagem-impressao-3d,2025-01-01T11:49:41,2025-01-01T11:49:41,2988,1145,0
post,2984,Impressoras 3D: Guia Completo para Escolher a Sua,https://outlet3d.com.br/universo-3d/impressoras-3d-guia-completo/,impressoras-3d-guia-completo,2025-01-01T11:48:59,2025-01-01T11:48:59,2985,1368,0
post,2981,Tipos de Filamento 3D: Tudo que Você Precisa Saber,https://outlet3d.com.br/filamento/tipos-de-filamento-3d/,tipos-de-filamento-3d,2025-01-01T11:48:36,2025-01-01T11:48:36,2982,2382,0
post,2922,Design para Impressão 3D: Dicas e Boas Práticas Essenciais,https://outlet3d.com.br/design-criatividade/design-para-impressao-3d/,design-para-impressao-3d,2025-01-01T11:47:21,2025-01-01T11:55:28,0,1609,0
post,2978,Impacto Ambiental da Impressão 3D: Efeitos e Sustentabilidade,https://outlet3d.com.br/impressao-3d/impacto-ambiental-impressao-3d/,impacto-ambiental-impressao-3d,2024-12-31T16:33:18,2024-12-31T16:33:18,2979,1111,0
post,2975,Prototipagem Industrial: Inove na Produção com Eficiência,https://outlet3d.com.br/impressao-3d/prototipagem-industrial-inovacao-producao/,prototipagem-industrial-inovacao-producao,2024-12-31T16:33:11,2024-12-31T16:33:11,2976,1079,0
post,2972,Impressão 3D em Medicina: O Futuro da Saúde,https://outlet3d.com.br/impressao-3d/impressao-3d-em-medicina/,impressao-3d-em-medicina,2024-12-31T16:33:04,2024-12-31T16:33:04,2973,1029,0
post,2969,Impressão 3D em Grande Escala: Transformando Indústria e Arquitetura,https://outlet3d.com.br/impressao-3d/impressao-3d-grande-escala/,impressao-3d-grande-escala,2024-12-31T16:32:55,2024-12-31T16:32:55,2970,1248,0
post,2966,Máquinas para Empreender com Impressão 3D: Guia Completo,https://outlet3d.com.br/impressao-3d/maquinas-empreender-impressao-3d/,maquinas-empreender-impressao-3d,2024-12-31T01:19:41,2024-12-31T01:19:41,2967,1300,0
post,2963,Modelos Artísticos para Impressão 3D: Crie Arte em Camadas,https://outlet3d.com.br/impressao-3d/modelos-artisticos-impressao-3d/,modelos-artisticos-impressao-3d,2024-12-31T01:19:30,2024-12-31T01:19:30,2964,1016,0
post,2960,Impressão 3D Industrial: Revolucione sua Manufatura,https://outlet3d.com.br/impressao-3d/impressao-3d-industrial/,impressao-3d-industrial,2024-12-30T23:10:47,2024-12-30T23:10:47,2961,1437,0
post,2957,Manutenção de Impressora 3D: Dicas e Truques Essenciais,https://outlet3d.com.br/impressao-3d/manutencao-impressora-3d/,manutencao-impressora-3d,2024-12-30T23:05:12,2024-12-30T23:05:12,2958,1040,0
post,2954,Impressão 3D de Polímeros: Guia Completo para Iniciantes,https://outlet3d.com.br/impressao-3d/impressao-3d-de-polimeros/,impressao-3d-de-polimeros,2024-12-30T22:38:49,2024-12-30T22:38:49,2955,1200,0
post,2948,Customização de Capas de Celular: Dicas para Personalizar,https://outlet3d.com.br/customizacao/customizacao-capas-celular-2/,customizacao-capas-celular-2,2024-12-30T22:38:36,2024-12-30T22:38:36,2949,1361,0
post,2942,Melhores Marcas de Filamento 3D: Guia Completo e Prático,https://outlet3d.com.br/filamento/melhores-marcas-filamento-3d/,melhores-marcas-filamento-3d,2024-12-30T22:38:19,2024-12-30T22:38:19,2943,1406,0
post,2919,Design 3D para Iniciantes: O Guia Completo,https://outlet3d.com.br/educacao-3d/design-3d-para-iniciantes/,design-3d-para-iniciantes,2024-12-30T21:00:23,2024-12-29T02:37:06,2920,1342,0
post,2895,Impressão 3D para Decoração: Transforme Seu Espaço Criativamente,https://outlet3d.com.br/design-criatividade/impressao-3d-decoracao/,impressao-3d-decoracao,2024-12-30T17:00:54,2024-12-30T21:33:18,2905,1733,0
post,2896,Filamento Condutivo: O Que É e Como Usar na Impressão 3D,https://outlet3d.com.br/filamento/filamento-condutivo-impressao-3d/,filamento-condutivo-impressao-3d,2024-12-30T13:00:09,2024-12-29T02:30:48,2907,1287,0
post,2897,Impressão 3D na Indústria: O Futuro da Produção,https://outlet3d.com.br/destaque/impressao-3d-industria-futuro-producao/,impressao-3d-industria-futuro-producao,2024-12-30T09:00:17,2024-12-29T02:30:02,2910,1578,0
post,2899,Impressão 3D com Grafeno: O Futuro da Fabricação Avançada,https://outlet3d.com.br/inovacoes-3d/impressao-3d-grafeno-futuro-fabricacao/,impressao-3d-grafeno-futuro-fabricacao,2024-12-30T05:00:16,2024-12-30T11:19:56,2909,1264,0
post,2900,Cursos de Impressão 3D: Aprenda a Criar Modelos Incríveis,https://outlet3d.com.br/educacao-3d/cursos-de-impressao-3d/,cursos-de-impressao-3d,2024-12-30T01:00:58,2024-12-30T01:06:12,2911,2003,0
post,2901,Modelos de Negócios em Impressão 3D: Lucre com Tecnologia,https://outlet3d.com.br/empreendedorismo/modelos-negocios-impressao-3d/,modelos-negocios-impressao-3d,2024-12-29T21:00:44,2024-12-29T02:26:51,2904,1617,0
post,2902,Franquias de Impressão 3D: Oportunidades e Tendências,https://outlet3d.com.br/empreendedorismo/franquias-impressao-3d-oportunidades/,franquias-impressao-3d-oportunidades,2024-12-29T17:00:58,2024-12-29T02:25:20,2908,1157,0
post,2898,Impressão 3D nas Escolas: Transformando a Educação com Tecnologia,https://outlet3d.com.br/educacao-3d/impressao-3d-nas-escolas/,impressao-3d-nas-escolas,2024-12-29T13:00:17,2024-12-29T02:23:47,2906,1245,0
post,2873,Testes de Qualidade em Impressão 3D: Garanta Resultados Excepcionais,https://outlet3d.com.br/resenhas-analises/testes-qualidade-impressao-3d/,testes-qualidade-impressao-3d,2024-12-29T09:00:53,2024-12-28T14:56:05,2881,1103,0
post,2872,Modelos 3D Criativos: Dicas e Inspirações para Projetos,https://outlet3d.com.br/design-criatividade/modelos-3d-criativos/,modelos-3d-criativos,2024-12-29T05:00:52,2024-12-28T14:55:52,2880,1076,0
post,2869,Impressão 3D com Resinas: Guia Completo e Vantagens,https://outlet3d.com.br/tecnologia/impressao-3d-com-resinas/,impressao-3d-com-resinas,2024-12-29T01:00:51,2024-12-28T14:55:39,2876,2307,0
post,2868,Encontros de Impressão 3D Online: Conecte-se com Criadores,https://outlet3d.com.br/eventos-comunidade/encontros-impressao-3d-online/,encontros-impressao-3d-online,2024-12-28T20:00:49,2024-12-28T14:55:24,2874,2399,0
post,2867,Impressão 3D de Próteses: Transformando Vidas com Tecnologia,https://outlet3d.com.br/inovacoes-3d/impressao-3d-proteses/,impressao-3d-proteses,2024-12-28T16:00:48,2024-12-28T14:55:03,2877,1454,0
post,2864,Materiais para Impressão 3D: Guia Completo e Prático,https://outlet3d.com.br/impressao-3d/materiais-impressao-3d/,materiais-impressao-3d,2024-12-28T12:00:47,2024-12-28T14:54:30,2879,1169,0
post,1742,A Educação 3D: Transformando Aprendizado em Experiência,https://outlet3d.com.br/educacao-3d/educacao-3d-transformando-aprendizado/,educacao-3d-transformando-aprendizado,2024-12-28T11:34:17,2024-12-28T11:34:17,1745,597,1
post,1750,Criando o Futuro: Transforme Ideias em Realidade com Prototipagem 3D,https://outlet3d.com.br/criacao-prototipagem/criando-o-futuro-transforme-ideias-em-realidade-com-prototipagem-3d/,criando-o-futuro-transforme-ideias-em-realidade-com-prototipagem-3d,2024-12-28T11:34:14,2024-12-28T11:34:14,1751,602,1
post,1753,De Ideia a Produto: Como Criar Protótipos 3D Incríveis,https://outlet3d.com.br/criacao-prototipagem/prototipagem-3d-realidade/,prototipagem-3d-realidade,2024-12-28T11:34:11,2024-12-28T11:34:11,1759,1534,1
post,1756,Inovação em 3D: Do Conceito ao Protótipo Real,https://outlet3d.com.br/criacao-prototipagem/inovacao-3d-prototipo/,inovacao-3d-prototipo,2024-12-28T11:34:09,2025-07-16T15:54:42,1757,604,0
post,1761,Criação e Prototipagem: O Caminho para o Sucesso Empreendedor,https://outlet3d.com.br/criacao-prototipagem/criacao-prototipagem-sucesso-empreendedor/,criacao-prototipagem-sucesso-empreendedor,2024-12-28T11:34:06,2025-07-16T15:55:47,1765,613,0
post,1767,Do Pensamento à Realidade: Criação e Prototipagem com 3D,https://outlet3d.com.br/criacao-prototipagem/pensamento-realidade-criacao-prototipagem-3d/,pensamento-realidade-criacao-prototipagem-3d,2024-12-28T11:34:03,2025-07-16T15:55:54,1768,602,0
post,1770,Criatividade Ilimitada: Transforme Conceitos em Protótipos 3D,https://outlet3d.com.br/criacao-prototipagem/criatividade-ilimitada-prototipos-3d/,criatividade-ilimitada-prototipos-3d,2024-12-28T11:34:00,2025-07-16T15:57:10,1771,602,0
post,1773,Passos Essenciais: Criação e Prototipagem com Tecnologia 3D,https://outlet3d.com.br/criacao-prototipagem/passos-essenciais-criacao-prototipagem-tecnologia-3d/,passos-essenciais-criacao-prototipagem-tecnologia-3d,2024-12-28T11:33:57,2025-07-16T15:57:16,1774,734,0
post,1776,Da Ideia à Ação: Prototipagem 3D para Inovadores,https://outlet3d.com.br/criacao-prototipagem/prototipagem-3d-inovacoes/,prototipagem-3d-inovacoes,2024-12-28T11:33:55,2024-12-28T11:33:55,1777,548,0
post,1779,A Magia da Prototipagem 3D: Transformando Sonhos em Produtos,https://outlet3d.com.br/criacao-prototipagem/magia-prototipagem-3d/,magia-prototipagem-3d,2024-12-28T11:33:52,2025-07-16T15:58:58,1780,673,0
post,1782,Criação de Valor: Como a Prototipagem 3D Pode Mudar seu Negócio,https://outlet3d.com.br/criacao-prototipagem/prototipagem-3d-valor/,prototipagem-3d-valor,2024-12-28T11:33:49,2025-07-16T15:59:03,1783,438,0
post,1786,Desvende o Futuro: Como a Customização na Impressão 3D Está Transformando Tudo!,https://outlet3d.com.br/customizacao/desvende-o-futuro-como-a-customizacao-na-impressao-3d-esta-transformando-tudo/,desvende-o-futuro-como-a-customizacao-na-impressao-3d-esta-transformando-tudo,2024-12-28T11:33:46,2025-07-16T15:59:09,1787,605,0
post,1789,Impressão 3D Sob Medida: O Poder da Customização ao Seu Alcance!,https://outlet3d.com.br/customizacao/impressao-3d-sob-medida/,impressao-3d-sob-medida,2024-12-28T11:33:43,2025-07-16T15:59:12,1790,696,0
post,1796,Do Conceito à Realidade: Como a Customização na Impressão 3D Está Mudando o Jogo!,https://outlet3d.com.br/customizacao/customizacao-impressao-3d/,customizacao-impressao-3d,2024-12-28T11:33:40,2025-07-16T16:06:12,1797,540,0
post,1793,Inovação 3D: Personalize Seu Mundo com a Revolução da Impressão 3D!,https://outlet3d.com.br/customizacao/inovacao-3d-impressao/,inovacao-3d-impressao,2024-12-28T11:33:37,2025-07-16T15:59:16,1794,543,0
post,2200,Descubra Como a Inovação 3D Está Revolucionando o Mundo da Personalização com a Impressão 3D,https://outlet3d.com.br/impressao-3d/descubra-como-a-inovacao-3d-esta-revolucionando-o-mundo-da-personalizacao-com-a-impressao-3d/,descubra-como-a-inovacao-3d-esta-revolucionando-o-mundo-da-personalizacao-com-a-impressao-3d,2024-12-28T11:33:01,2024-12-28T11:33:01,2199,2493,0
post,2054,Personalize Tudo! A Era da Impressão 3D e Suas Possibilidades Infinitas!,https://outlet3d.com.br/tecnologia/personalize-tudo-a-era-da-impressao-3d-e-suas-possibilidades-infinitas/,personalize-tudo-a-era-da-impressao-3d-e-suas-possibilidades-infinitas,2024-12-28T11:32:58,2024-12-28T11:32:58,2053,473,0
post,2030,Como Dominar a Arte da Impressão 3D Resina: Dicas e Truques!,https://outlet3d.com.br/universo-3d/impressao-3d-resina/,impressao-3d-resina,2024-12-28T11:32:55,2024-12-28T11:32:55,2032,892,1
post,1725,Impressão 3D A Nova Era da Criatividade e Inovação,https://outlet3d.com.br/inovacoes-3d/impressao-3d-criatividade-inovacao/,impressao-3d-criatividade-inovacao,2024-12-28T11:32:52,2024-12-28T11:32:52,1727,1522,1
post,2891,Inovação 3D: Personalize Seu Mundo com a Revolução da Impressão 3D!,https://outlet3d.com.br/customizacao/inovacao-3d-personalize-seu-mundo-com-a-revolucao-da-impressao-3d/,inovacao-3d-personalize-seu-mundo-com-a-revolucao-da-impressao-3d,2024-12-28T11:32:16,2025-07-16T16:00:42,1794,543,0
post,2863,Impressora 3D: Tudo o Que Você Precisa Saber,https://outlet3d.com.br/impressao-3d/impressora-3d-tudo-o-que-voce-precisa-saber/,impressora-3d-tudo-o-que-voce-precisa-saber,2024-12-28T06:00:56,2024-12-28T14:57:24,2878,1563,0
post,2860,Filamento para Impressão 3D: Guia Completo e Dicas,https://outlet3d.com.br/filamento/filamento-impressao-3d/,filamento-impressao-3d,2024-12-28T01:10:50,2024-12-28T14:57:14,2875,1593,0
post,2737,Descubra como funciona impressão 3d passo a passo,https://outlet3d.com.br/impressao-3d/como-funciona-impressao-3d/,como-funciona-impressao-3d,2024-11-27T01:33:33,2024-11-27T01:35:22,2738,1153,4
post,2724,Descubra Tinkercad: Modelagem 3D Simplificada,https://outlet3d.com.br/educacao-3d/descubra-tinkercad-modelagem-3d/,descubra-tinkercad-modelagem-3d,2024-11-11T00:24:54,2024-11-11T00:26:03,2725,1054,5
post,2695,Como Funciona uma Impressora 3D e Quais Seus Benefícios na Indústria,https://outlet3d.com.br/impressao-3d/como-funciona-impressora-3d/,como-funciona-impressora-3d,2024-11-01T06:00:00,2024-10-29T19:12:46,2700,1934,3
post,2717,Filamento Impressora 3D: Tudo o que Você Precisa Saber,https://outlet3d.com.br/filamento/filamento-impressora-3d-guia-completo/,filamento-impressora-3d-guia-completo,2024-10-31T15:54:29,2024-10-31T15:54:35,2709,736,1
post,2687,Principais Marcas de Impressoras 3D em 2023: prós e contras.,https://outlet3d.com.br/universo-3d/principais-marcas-de-impressoras-3d/,principais-marcas-de-impressoras-3d,2024-10-31T06:00:00,2024-10-27T22:49:58,2692,1404,4
post,2679,Impressão 3D na Educação: como as escolas estão usando essa tecnologia,https://outlet3d.com.br/educacao-3d/impressao-3d-na-educacao/,impressao-3d-na-educacao,2024-10-30T06:00:00,2024-10-27T22:44:21,2681,1360,4
post,2668,Além da Fila de Impressão: O Universo dos Tipos de Impressora 3D e Seus Segredos,https://outlet3d.com.br/impressao-3d/tipos-de-impressoras-3d/,tipos-de-impressoras-3d,2024-10-29T06:00:00,2025-10-08T12:40:04,4785,1857,0
post,2651,Guia Completo para Iniciantes em Impressão 3D: primeiros passos para começar,https://outlet3d.com.br/universo-3d/guia-iniciantes-em-impressao-3d/,guia-iniciantes-em-impressao-3d,2024-10-28T06:00:00,2024-10-27T20:30:03,2656,1657,5
post,2641,"Introdução à Impressão 3D: o que é, como funciona e as principais aplicações",https://outlet3d.com.br/impressao-3d/introducao-a-impressao-3d-o-que-e-como-funciona-e-as-principais-aplicacoes/,introducao-a-impressao-3d-o-que-e-como-funciona-e-as-principais-aplicacoes,2024-10-27T19:34:26,2024-10-27T19:34:32,2646,1914,5
post,2616,Casas Impressas em 3D: A Revolução da Construção,https://outlet3d.com.br/sustentabilidade-3d/casas-impressas-em-3d-a-revolucao/,casas-impressas-em-3d-a-revolucao,2024-10-21T22:12:18,2024-10-23T02:10:36,2618,2168,1
post,2606,Filamentos para impressão 3D: Escolha o melhor,https://outlet3d.com.br/filamento/filamentos-para-impressao-3d/,filamentos-para-impressao-3d,2024-10-21T21:54:16,2024-10-23T02:13:25,2607,1508,3
post,2600,Impressão 3D O que é? Descubra aqui!,https://outlet3d.com.br/impressao-3d/impressao-3d-o-que-e-descubra-aqui/,impressao-3d-o-que-e-descubra-aqui,2024-10-21T21:50:54,2024-10-23T02:13:37,2601,2138,3
post,2592,Impressão 3D resina: Como funciona e benefícios,https://outlet3d.com.br/impressao-3d/impressao-3d-resina-2024/,impressao-3d-resina-2024,2024-10-21T21:37:25,2024-10-23T02:17:13,2593,1910,4
post,2584,Desvendando o Universo das Impressoras 3D para Iniciantes: Guia Completo para Começar em 2025,https://outlet3d.com.br/impressao-3d/melhor-impressora-3d-para-iniciantes/,melhor-impressora-3d-para-iniciantes,2024-10-21T13:35:16,2025-10-10T15:18:28,4787,1894,0
post,2575,Protótipos 3D: Inovação na Fabricação Digital,https://outlet3d.com.br/criacao-prototipagem/prototipos-3d-inovacao-na-fabricacao-digital/,prototipos-3d-inovacao-na-fabricacao-digital,2024-10-14T23:03:49,2024-10-23T02:17:40,2576,1360,2
post,2574,Guia Completo de Impressora 3D SLA no Brasil,https://outlet3d.com.br/impressao-3d/guia-completo-de-impressora-3d-sla-no-brasil/,guia-completo-de-impressora-3d-sla-no-brasil,2024-10-14T23:03:26,2024-10-23T02:17:51,2571,753,3
post,2570,Impressão 3D: A Revolução da Impressão em Três Dimensões,https://outlet3d.com.br/universo-3d/impressao-3d-a-revolucao-da-impressao-em-tres-dimensoes/,impressao-3d-a-revolucao-da-impressao-em-tres-dimensoes,2024-10-14T22:54:39,2024-10-23T02:18:11,2571,1957,0
post,2565,Como Começar na Impressão 3D,https://outlet3d.com.br/universo-3d/como-comecar-na-impressao-3d/,como-comecar-na-impressao-3d,2024-10-09T12:36:26,2024-10-23T02:18:26,2566,2955,0
post,2544,Como a Engenharia de Materiais Avançados Revoluciona a Indústria com Impressão 3D e Modo de Materiais Abertos da Formlabs,https://outlet3d.com.br/impressao-3d/impressao-3d-sla/,impressao-3d-sla,2024-10-08T18:29:31,2024-10-23T02:18:54,2546,1168,1
post,2535,Como a Impressão 3D Pode Reduzir Custos em Projetos Complexos,https://outlet3d.com.br/impressao-3d/como-a-impressao-3d-pode-reduzir-custos/,como-a-impressao-3d-pode-reduzir-custos,2024-09-30T23:35:55,2024-10-23T02:19:08,2537,1942,5
post,2526,Inovação na Impressão 3D: Transforme Ideias em Realidade.,https://outlet3d.com.br/universo-3d/inovacao-na-impressao-3d-transforme-ideias-em-realidade/,inovacao-na-impressao-3d-transforme-ideias-em-realidade,2024-09-18T23:35:47,2024-10-23T02:19:17,2527,1114,3
post,2496,Renda extra com impressora 3D: Comece agora!,https://outlet3d.com.br/impressao-3d/renda-extra-com-impressora-3d/,renda-extra-com-impressora-3d,2024-08-22T14:32:48,2024-10-23T02:19:27,2497,1808,8
post,2454,Ganhe dinheiro com impressora 3D: Dicas e ideias,https://outlet3d.com.br/impressao-3d/ganhe-dinheiro-com-impressora-3d/,ganhe-dinheiro-com-impressora-3d,2024-08-16T16:24:45,2024-10-23T02:20:17,2457,2197,3
post,2446,O que é filamento? Descubra aqui!,https://outlet3d.com.br/filamento/o-que-e-filamento-descubra-aqui/,o-que-e-filamento-descubra-aqui,2024-08-14T15:36:05,2024-10-23T02:20:29,2449,1979,5
post,2410,Impressão 3D: Descubra o Futuro da Fabricação,https://outlet3d.com.br/impressao-3d/impressao-3d-descubra-o-futuro/,impressao-3d-descubra-o-futuro,2024-08-13T15:07:53,2024-10-23T02:20:38,2412,1997,3
post,2353,Conheça a Bambu Lab: Impressoras 3D Inovadoras,https://outlet3d.com.br/impressao-3d/conheca-a-bambu-lab-impressoras-3d/,conheca-a-bambu-lab-impressoras-3d,2024-07-11T19:12:59,2025-03-07T20:16:33,2367,3123,6
post,2343,2024 Impressão 3D Inovação na Fabricação Digital,https://outlet3d.com.br/impressao-3d/impressao-3d-inovacao-na-fabricacao/,impressao-3d-inovacao-na-fabricacao,2024-07-10T01:36:52,2024-10-23T02:21:06,2344,2665,3
post,2324,Anycubic: O Futuro da Impressão 3D no Brasil,https://outlet3d.com.br/impressao-3d/anycubic-impressoras-3d-de-qualidade/,anycubic-impressoras-3d-de-qualidade,2024-07-10T00:26:26,2025-03-07T20:20:37,2334,2399,6
post,2310,Creality K1: Impressora 3D Rápida e Inovadora,https://outlet3d.com.br/impressao-3d/creality-k1-impressora-3d/,creality-k1-impressora-3d,2024-07-09T23:48:14,2025-07-11T17:13:44,2318,2340,0
post,2226,Bambu Lab A1: Impressora 3D de Alta Precisão,https://outlet3d.com.br/impressao-3d/bambu-lab-a1-impressora-3d/,bambu-lab-a1-impressora-3d,2024-07-09T20:21:11,2025-07-11T17:12:20,2241,1556,0
post,2201,O Futuro da Impressão 3D: Inovações e Possibilidades,https://outlet3d.com.br/universo-3d/o-futuro-da-impressao-3d-inovacoes-e-possibilidades/,o-futuro-da-impressao-3d-inovacoes-e-possibilidades,2024-06-30T12:58:52,2024-10-23T02:21:46,2203,1739,5
post,2193,Filamento ASA Impressão 3D de Alta Qualidade,https://outlet3d.com.br/filamento/filamento-asa-impressao-3d-de-alta-qualidade/,filamento-asa-impressao-3d-de-alta-qualidade,2024-06-12T00:10:14,2024-10-23T02:22:02,2195,1592,1
post,2190,Joias Impressas em 3D: Beleza Inovadora e Única,https://outlet3d.com.br/inovacoes-3d/joias-impressas-em-3d/,joias-impressas-em-3d,2024-06-11T00:42:24,2024-10-23T02:23:34,2191,2997,4
post,2185,Impressão 3D em Cerâmica: Arte e Tecnologia,https://outlet3d.com.br/tecnologia/impressao-3d-em-ceramica-arte-e-tecnologia/,impressao-3d-em-ceramica-arte-e-tecnologia,2024-06-11T00:31:22,2024-10-23T02:22:57,2188,2490,4
post,2180,Filamento PLA+ Impressão 3D de Alta Qualidade,https://outlet3d.com.br/filamento/filamento-pla-impressao-3d/,filamento-pla-impressao-3d,2024-06-10T02:02:01,2024-10-23T02:23:44,2182,2046,3
post,2166,Filamento TPU: Impressão 3D Flexível e Durável,https://outlet3d.com.br/filamento/filamento-tpu-de-qualidade/,filamento-tpu-de-qualidade,2024-06-09T00:27:58,2024-10-23T02:23:52,2167,2283,4
post,2155,Filamento PETG: Impressão 3D de Alta Qualidade,https://outlet3d.com.br/filamento/filamento-petg/,filamento-petg,2024-06-05T03:11:03,2024-10-23T02:24:03,2156,2382,5
post,2136,Filamento ABS: Impressão 3D de Alta Qualidade,https://outlet3d.com.br/filamento/filamento-abs-o-guia-completo/,filamento-abs-o-guia-completo,2024-06-02T23:22:58,2024-10-23T02:24:20,2137,2324,5
post,2130,Filamento PLA: Impressão 3D de Alta Qualidade,https://outlet3d.com.br/filamento/compre-filamento-pla-de-qualidade-para-impressao-3d/,compre-filamento-pla-de-qualidade-para-impressao-3d,2024-06-02T22:51:24,2024-10-23T02:24:26,2287,2217,5
post,2122,O que é Impressão 3D: Desvendando os Segredos dessa Tecnologia Inovadora,https://outlet3d.com.br/universo-3d/o-que-e-impressao-3d/,o-que-e-impressao-3d,2024-05-17T13:32:48,2024-10-23T02:24:35,2125,2067,1
post,2111,Impressão 3D de Alimentos: A Revolução na Culinária,https://outlet3d.com.br/tecnologia/impressao-3d-de-alimentos-a-revolucao/,impressao-3d-de-alimentos-a-revolucao,2024-05-16T23:46:29,2024-10-23T02:24:41,2114,766,5
post,2099,Domine a Impressão 3D com Nossas Dicas Expert!,https://outlet3d.com.br/universo-3d/domine-a-impressao-3d-com-nossas-dicas/,domine-a-impressao-3d-com-nossas-dicas,2024-04-30T00:49:30,2024-10-23T02:24:51,2101,4216,3
post,2063,O Futuro da Construção: Descubra Como a Arquitetura 3D Está Revolucionando o Setor,https://outlet3d.com.br/universo-3d/o-futuro-da-construcao-descubra-como-a-arquitetura-3d-esta-revolucionando-o-setor/,o-futuro-da-construcao-descubra-como-a-arquitetura-3d-esta-revolucionando-o-setor,2024-03-04T20:56:45,2024-10-23T02:25:40,2064,465,0
post,2061,Sinterização Seletiva a Laser (SLS): Uma Tecnologia Revolucionária para a Fabricação de Peças,https://outlet3d.com.br/tecnologia/sinterizacao-seletiva-a-laser-sls-uma-tecnologia-revolucionaria-para-a-fabricacao-de-pecas/,sinterizacao-seletiva-a-laser-sls-uma-tecnologia-revolucionaria-para-a-fabricacao-de-pecas,2024-03-04T20:46:44,2024-10-23T02:25:52,0,599,0
post,2020,Órgãos Impressos em 3D: A Revolução na Medicina Regenerativa,https://outlet3d.com.br/inovacoes-3d/impressao-de-orgaos-em-3d-medicina-regenerativa/,impressao-de-orgaos-em-3d-medicina-regenerativa,2024-02-28T17:04:29,2024-10-23T02:26:02,2021,715,1
post,2009,Sustentabilidade e Eficiência: A Magia da Impressão 3D,https://outlet3d.com.br/sustentabilidade-3d/impressao-3d-sustentavel/,impressao-3d-sustentavel,2024-02-20T01:16:44,2025-07-11T16:53:53,2011,928,0
post,2006,Guia Definitivo para Empreender no Mercado de Impressão 3D,https://outlet3d.com.br/empreendedorismo/guia-empreender-impressao-3d/,guia-empreender-impressao-3d,2024-02-15T22:36:03,2025-07-11T16:53:18,2007,2443,0
post,2001,Impressão 3D: Revolucionando o Presente e Moldando o Futuro,https://outlet3d.com.br/inovacoes-3d/impressao-3d-revolucionando-moldando-futuro/,impressao-3d-revolucionando-moldando-futuro,2024-02-15T01:57:16,2024-10-23T02:26:34,2002,3022,1
post,1931,Segredos do Empreendedorismo na Impressão 3D Revelados!,https://outlet3d.com.br/empreendedorismo/empreendedorismo-na-impressao-3d/,empreendedorismo-na-impressao-3d,2024-01-21T22:27:40,2024-10-23T02:26:42,1933,1361,1
post,1927,Impressão 3D: O Futuro do Design e da Criatividade,https://outlet3d.com.br/design-criatividade/impressao-3d-moldando-o-futuro-do-design/,impressao-3d-moldando-o-futuro-do-design,2024-01-21T22:16:37,2024-10-23T02:26:53,1928,1443,1
post,1922,Inovação em 3D: Descubra o Mundo do Design Criativo,https://outlet3d.com.br/design-criatividade/inovacao-em-3d-design-criativo/,inovacao-em-3d-design-criativo,2024-01-21T22:09:20,2024-10-23T02:27:01,1923,1386,1
post,1917,Aprender em Três Dimensões: Os Benefícios da Educação 3D,https://outlet3d.com.br/educacao-3d/educacao-3d-beneficios/,educacao-3d-beneficios,2023-12-17T23:08:47,2024-10-23T02:27:12,1918,2380,1
post,1908,Do Virtual ao Real: Desvendando o Universo 3D,https://outlet3d.com.br/universo-3d/universo-3d-realidade/,universo-3d-realidade,2023-12-10T22:57:50,2024-10-23T02:27:21,1909,1736,1
post,1686,5 Estratégias Infalíveis para Dominar o Universo 3D: O Guia Definitivo para o Sucesso,https://outlet3d.com.br/universo-3d/dominando-3d-um-guia-completo/,dominando-3d-um-guia-completo,2023-12-10T22:50:23,2025-07-16T14:23:42,1904,1780,0
post,1899,No Labirinto do Cosmos: Descubra o Universo 3D que Vai Além da Visão,https://outlet3d.com.br/universo-3d/universo-3d-tudo-saber/,universo-3d-tudo-saber,2023-12-10T22:43:22,2025-10-10T15:26:41,4789,1766,0
post,1821,Sustentabilidade 3D: Como a Impressão 3D Pode Revolucionar o Meio Ambiente,https://outlet3d.com.br/sustentabilidade-3d/impressao-3d-sustentabilidade/,impressao-3d-sustentabilidade,2023-12-07T16:58:06,2024-12-28T11:30:27,1822,3358,1
post,1818,As Melhores Resenhas 3D: Avaliações Sinceras para sua Próxima Compra!,https://outlet3d.com.br/resenhas-analises/resenhas-3d-avaliacoes/,resenhas-3d-avaliacoes,2023-12-07T16:53:41,2024-12-28T11:30:38,1819,1773,1
post,1815,Explore o Futuro em 3D: Eventos Imperdíveis para a Comunidade Criativa!,https://outlet3d.com.br/eventos-comunidade/futuro-3d-tecnologia-3d-arte-oportunidades/,futuro-3d-tecnologia-3d-arte-oportunidades,2023-12-07T16:47:44,2024-12-28T11:30:56,1816,2720,0
post,1812,Impressão 3D: Como Empreender e Inovar com Sucesso!,https://outlet3d.com.br/empreendedorismo/impressao-3d-empreender/,impressao-3d-empreender,2023-12-07T16:40:49,2024-12-28T11:31:08,1813,449,1
post,1809,Revolucionando a Educação: Como a Tecnologia 3D Está Transformando o Ensino,https://outlet3d.com.br/educacao-3d/tecnologia-3d-na-educacao/,tecnologia-3d-na-educacao,2023-12-07T16:34:37,2025-07-16T16:06:36,1810,662,0
post,1806,Transforme sua Criatividade em Arte: O Poder do Design na Impressão 3D,https://outlet3d.com.br/design-criatividade/arte-design-3d-impressao-3d/,arte-design-3d-impressao-3d,2023-12-07T16:28:16,2025-07-16T16:06:32,1807,753,0
post,1802,Transforme Sua Criatividade: Personalização na Impressão 3D é o Futuro Agora!,https://outlet3d.com.br/customizacao/personalizacao-na-impressao-3d-futuro/,personalizacao-na-impressao-3d-futuro,2023-12-07T14:05:15,2025-07-16T16:06:27,1804,574,0
post,1799,A Magia da Impressão 3D: Criando um Mundo Personalizado e Ilimitado!,https://outlet3d.com.br/customizacao/impressao-3d-personalizacao/,impressao-3d-personalizacao,2023-12-07T14:00:08,2025-07-16T16:06:21,1800,668,0
post,1731,Impressão 3D Descomplicada: Um Guia Completo para Iniciantes!,https://outlet3d.com.br/guias-e-tutoriais/impressao-3d-guia-iniciantes/,impressao-3d-guia-iniciantes,2023-11-27T19:57:48,2025-07-11T16:53:37,1732,2580,0
post,1716,Revolucionando o Futuro: Como a Impressão 3D Está Mudando o Mundo!,https://outlet3d.com.br/inovacoes-3d/impressao-3d-revolucao/,impressao-3d-revolucao,2023-11-24T15:01:11,2025-07-11T17:02:21,1722,3543,0
post,1696,Dominando o Universo 3D: Um Guia Completo,https://outlet3d.com.br/universo-3d/dominando-universo-3d/,dominando-universo-3d,2023-10-22T03:48:31,2025-07-11T17:01:42,1713,1839,0
page,2014,Aviso Legal,https://outlet3d.com.br/aviso-legal/,aviso-legal,2024-02-25T02:26:10,2024-02-25T02:26:11,0,315,0
page,1891,Termos de Uso,https://outlet3d.com.br/termos-de-uso/,termos-de-uso,2023-12-10T22:12:48,2024-01-23T13:34:32,0,594,0
page,1886,Transparência,https://outlet3d.com.br/transparencia/,transparencia,2023-12-10T22:06:06,2023-12-10T22:15:42,0,313,0
page,1705,Política de Cookies (BR),https://outlet3d.com.br/politica-de-cookies-br/,politica-de-cookies-br,2023-10-22T04:07:06,2023-10-22T04:07:06,0,0,0
page,1597,Home,https://outlet3d.com.br/home/,home,2023-10-21T17:32:24,2023-10-21T17:32:25,0,0,0
page,3,Política de privacidade,https://outlet3d.com.br/politica-de-privacidade/,politica-de-privacidade,2023-10-21T16:20:03,2024-01-23T13:39:27,0,1477,0
page,1183,Sobre a Outlet 3D,https://outlet3d.com.br/sobre/,sobre,2019-04-02T12:13:58,2025-01-22T15:14:22,0,342,1
page,1150,Contato,https://outlet3d.com.br/contato/,contato,2019-04-01T14:54:21,2024-01-23T13:33:28,0,31,0
